power,war_name,start_year,end_year,duration,outcome,primary_enemy,enemy_modern_equiv,enemy_type,posture,home_away,self_capital,enemy_capital,distance_km,self_gdp_cap,self_pop_thousands,opp_gdp_cap,opp_pop_thousands,self_urban_pct,opp_urban_pct,self_builtup_ha,self_grazing_ha,self_cropland_ha,opp_builtup_ha,opp_grazing_ha,opp_cropland_ha,self_urban_pop,self_rural_pop,opp_urban_pop,opp_rural_pop,gdp_cap_ratio,pop_ratio,urban_pct_ratio,builtup_ratio,grazing_ratio,cropland_ratio,urban_pop_ratio,self_total_gdp,opp_total_gdp,total_gdp_ratio,log_gdp_cap_ratio,log_total_gdp_ratio,log_pop_ratio,log_urban_pct_ratio,log_builtup_ratio,log_grazing_ratio,log_cropland_ratio,log_urban_pop_ratio,log_distance,win,is_offensive,is_home,is_colonial,century
France,French Invasion of Normandy,1202,1204,2,Won,Kingdom of England,United Kingdom,European,Offensive,Away,Paris,London,343,1342.5740690009698,9934.0,1286.468253968254,2784.568,5.69589674,2.200000294,44914.8755,26522566.08,12275921.02,6616.367540000001,3332786.53,8831215.0,596161.4588,9874092.98,100518.0178,4468482.76,1.0436122810334816,3.5675192704936634,2.5890436267368973,6.788449285572789,7.9580752746261245,1.3900602601114342,5.930891514257457,13337130.801455634,3582258.333015873,3.723106923510794,0.04268804216202011,1.3145585141963594,1.2718704720343392,0.9512885514334904,1.9152225333921244,2.0741871709479534,0.3293470988010578,1.7801745413821792,5.8377304471659395,1.0,1,0,0,13
France,Albigensian Crusade,1209,1229,20,Won,County of Toulouse,France,European,Offensive,Away,Paris,Toulouse,589,1344.8272067886523,10053.0,1344.8272067886523,10053.0,5.68189933,5.68189933,46385.06975,26752628.36,12688018.09,46385.06975,26752628.36,12688018.09,615675.5646,10235754.91,615675.5646,10235754.91,1.0,1.0,1.0,1.0,1.0,1.0,1.0,13519547.909846323,13519547.909846323,1.0,0.0,0.0,0.0,0.0,0.0,0.0,0.0,0.0,6.3784261836515865,1.0,1,0,0,13
France,Anglo-French War of 1213,1213,1214,1,Won,Kingdom of England,United Kingdom,European,Defensive,Home,Paris,London,343,1346.1147140958997,10121.0,1293.845238095238,2827.292,5.67390081,2.200000261,47225.18075,26884092.52,12923502.13,6864.684510000001,3454509.945,8920925.5,626826.4822,10442418.87,104861.7407,4661580.94,1.0403985534449323,3.57975051745628,2.579045516758691,6.879439350957149,7.782317303475009,1.4486728008209464,5.977647119107951,13624027.021364601,3658078.2909047618,3.7243672600552613,0.03960386420782139,1.3148969743307442,1.2752931101229228,0.9474193757386934,1.9285371589383264,2.051854147757725,0.3706478275020413,1.7880270321943448,5.8377304471659395,1.0,0,1,0,13
France,First Barons' War,1216,1217,1,Lost,Rebel English barons,United Kingdom,European,Offensive,Away,Paris,London,343,1347.080344576335,10172.0,1295.857142857143,2838.944,5.66790192,2.200000252,47855.264,26982690.64,13100115.16,6932.407320000001,3487707.24,8945392.0,635189.6704,10597416.84,106046.3924,4714244.08,1.0395284325911525,3.583022419603909,2.576318759439851,6.903123516983419,7.73651249466684,1.464454007158099,5.989733889335023,13702501.265030479,3678865.8605714287,3.72465367978981,0.03876718012190736,1.3149738756408635,1.2762066955189562,0.9463615426052708,1.9319739927936799,2.0459510039746376,0.3814824816426861,1.7900469853199716,5.8377304471659395,0.0,1,0,0,13
France,Fifth Crusade,1217,1221,4,Lost,Ayyubid Sultanate,Egypt,Colonial / Eastern,Offensive,Away,Paris,Cairo,3210,1347.402221403147,10189.0,1060.246153846154,4566.0,5.66590229,2.658141711,48065.291750000004,27015556.68,13158986.17,2676.6069700000003,0.0,392624.7476,637977.3998,10649082.83,109623.42839999999,4009376.5889999997,1.2708390561147564,2.2314936487078407,2.1315275504512035,17.957545612309303,,33.51542726340361,5.819717638022714,13728681.233876664,4841083.938461538,2.835869282249946,0.23967735642754845,1.0423485153120928,0.8026711588845445,0.7568388825213475,2.888010394978034,,3.5120058481518623,1.7612517447627594,8.07402621612406,0.0,1,0,1,13
France,Seventh Crusade,1248,1254,6,Lost,Ayyubid Sultanate,Egypt,Colonial / Eastern,Offensive,Away,Paris,Cairo,3210,1357.3804030343126,10716.0,1064.0615384615385,4504.0,5.60391376,2.700378684,54576.152,28034403.92,14983987.48,2864.68738,0.0,413309.2744,724397.0112,12250728.52,117326.4696,4218673.616,1.2756596812970666,2.3792184724689167,2.0752325565313194,19.05134653820411,,36.2536928351105,6.174199340265497,14545688.398915693,4792533.169230769,3.0350730783257918,0.2434634419024018,1.110235502747375,0.8667720608449732,0.7300732228394595,2.9471377834948473,,3.590541247425547,1.8203792126117966,8.07402621612406,0.0,1,0,1,13
France,Eighth Crusade,1270,1270,1,Lost,Hafsid Kingdom,Tunisia,Colonial / Eastern,Offensive,Away,Paris,Tunis,1482,1364.4616932241722,11090.0,815.3188565145684,892.0,5.5599219,2.6147645,59196.7625,28757456.8,16279149.7,913.77018,1034686.838,1081848.19,785727.058,13387380.3,26147.6453,973852.378,1.6735313826263645,12.432735426008968,2.126356656593739,64.78298788432777,27.793391917101008,15.047536105782088,30.04962966971255,15131880.177856069,727264.420010995,20.80657290731657,0.5149359941832053,3.0352689419476087,2.520332947764403,0.7544100253011423,4.171043036241238,3.3247982916175682,2.7112142638907786,3.402850337102035,7.301147805856032,0.0,1,0,1,13
France,War of the Sicilian Vespers,1282,1302,20,Lost,Crown of Aragon,Spain,European,Offensive,Away,Paris,Zaragoza,840,1382.7442644599441,11294.0,1415.2784398112833,5579.2,5.5359263400000005,32.059997540000005,61717.0955,29151849.28,16985601.82,33039.7001,4161076.756,5234392.890000001,819179.8108,14007372.18,2356980.0,4783020.0,0.9770121734097232,2.024304559793519,0.17267394774728356,1.8679677876373944,7.005842715581957,3.2449994062253125,0.3475548417042147,15616713.72281061,7896121.471395112,1.977770197607079,-0.023256167027498026,0.6819700472838973,0.7052262143113954,-1.7563501578592653,0.6248510953525027,1.946744474563536,1.177115167174623,-1.0568328085753624,6.733401891837359,0.0,1,0,0,13
France,Gascon War,1294,1303,9,Won,Kingdom of England,United Kingdom,European,Offensive,Away,Paris,London,343,1082.6333577177913,11498.0,1078.0,3141.8959999999997,5.51193078,2.2000000180000003,64237.4285,29546241.76,17692053.94,8693.20038,4350836.91,9581521.0,852632.5636,14627364.059999999,136847.3366,6083485.720000001,1.0042981054896023,3.6595737096326553,2.5054230613192656,7.38938776193262,6.790932956390682,1.8464765604542328,6.23053823906135,12448118.347039165,3386963.888,3.675302943483632,0.004288895016494518,1.3016355628683256,1.297346667851831,0.9184576070312636,2.0000448846989776,1.915588333662171,0.6132792611894196,1.8294627237804508,5.8377304471659395,1.0,1,0,0,13
France,Franco-Flemish War,1297,1305,8,Won,County of Flanders,Belgium,European,Defensive,Home,Paris,Ghent,262,1375.485510152186,11549.0,2150.8445630420283,994.0,5.50593189,14.92500097,64867.511750000005,29644839.88,17868666.97,8473.773959,2349430.511,262247.82070000004,860995.7518,14782362.030000001,185250.0,1054250.0,0.6395094902658981,11.61871227364185,0.36890663532064083,7.655091115701072,12.617883244983533,68.13656991430624,4.6477503470985155,15885482.156747596,2137939.495663776,7.430276763662835,-0.44705381793903265,2.005563107519481,2.4526169254585133,-0.9972116877680473,2.0353709318083815,2.535115112853306,4.2215140721678095,1.5363833062091647,5.568344503761097,1.0,0,1,0,13
France,War of Saint-Sardos,1324,1324,1,Won,Kingdom of England,United Kingdom,European,Offensive,Away,Paris,London,343,1168.0279996855195,12008.0,1122.0,3258.416,5.643922632000001,2.2719999520000003,61834.03772,28301194.48,16604177.92,7659.629400000001,4069734.66,8812299.16,820738.7799999999,13815791.76,123227.88320000001,5383003.408,1.0410231726252401,3.6852261957957486,2.4841209292419917,8.072719251926209,6.954063801299517,1.8842049751747192,6.660333348970486,14025680.220223717,3655942.7520000003,3.8364058661889344,0.04020404935169161,1.3445359559573773,1.3043319066056858,0.9099188461559633,2.088490383631561,1.9393262083062388,0.6335059680995521,1.896169535697689,5.8377304471659395,1.0,1,0,0,14
France,Hundred Years' War,1337,1453,116,Won,Kingdom of England,United Kingdom,European,Defensive,Home,Paris,London,343,1446.2878425106817,12229.0,1283.0,3308.908,5.721917016,2.310999926,59849.61086,27519979.24,15823580.96,7026.412075,3881507.205,8369131.955,794402.86,13208275.629999999,114567.30660000001,4946523.754,1.1272703371088713,3.695781206367781,2.475948593344957,8.517805420627854,7.090024000097147,1.8907075482955509,6.9339402625006805,17686654.026063126,4245328.964,4.166144526382839,0.11979907950372631,1.4269910341196133,1.3071919546158872,0.9066235926298205,2.142158727923351,1.958688725601374,0.6369511231923064,1.9364282320686228,5.8377304471659395,1.0,0,1,0,14
France,Crusade of Nicopolis,1396,1396,1,Lost,Ottoman Empire,Turkey,Colonial / Eastern,Offensive,Away,Paris,Edirne,2044,1456.84733399797,13232.0,760.8823529411765,6445.6,6.075891528,2.220390172,50843.36588,23974463.92,12280871.68,4329.510319999999,6041890.4399999995,7287231.4399999995,674878.2999999999,10451087.04,129979.0456,5726020.9,1.9146814594484338,2.052873277894998,2.736407143491896,11.743444898405972,3.9680401619463996,1.6852589054039981,5.192208458560954,19277003.92346114,4904343.294117647,3.930598403782685,0.6495512690830132,1.3687916798834996,0.7192404108004863,1.0066457984450405,2.4632952039299436,1.3782723108296708,0.5219192050596555,1.6471591285497598,7.622663951323595,0.0,1,0,1,14
France,Burgundian Wars,1474,1477,3,Won,Burgundian State,Belgium,European,Offensive,Away,Paris,Brussels,263,1630.7372519142432,14558.0,2314.0293529019345,1348.0,6.543904008,28.71599974,68420.29394,23421265.36,14855047.86,13198.229220000001,1902348.2780000002,225746.21300000002,910485.5484,12933558.04,328296.0,804704.0,0.7047176172891665,10.799703264094955,0.22788355158273169,5.18405104196243,12.31176521715757,65.80419517380784,2.773367779077418,23740272.91336755,3119311.567711808,7.610741151703031,-0.3499580992608295,2.0295605589451213,2.3795186582059507,-1.4789205191713477,1.645586805059069,2.510555326923108,4.186683592739764,1.020062386428291,5.572154032177765,1.0,1,0,0,15
France,War of the Castilian Succession,1475,1479,4,Lost,Spain,Spain,European,Offensive,Away,Paris,Valladolid,973,1571.1836633726907,14575.0,1135.2634804266747,6660.0,6.5499042,16.17499925,68666.07125000001,23417038.0,14893079.75,14107.89425,3451054.375,7139738.25,913778.9349999999,12969631.0,993125.0,5256875.0,1.3839815077837092,2.1884384384384385,0.40494000022905724,4.86720909819692,6.78547349750176,2.085941981136353,0.9201046544996853,22900001.893656965,7560854.779641653,3.028758329721856,0.32496449567825736,1.1081527433625156,0.7831882476842583,-0.9040163704331097,1.5825206923687538,1.9147840767770017,0.7352205427384492,-0.0832678605176858,6.880384082186005,0.0,1,0,0,15
France,War of the Burgundian Succession,1477,1482,5,Won,Habsburg Burgundy,Belgium,European,Offensive,Away,Paris,Brussels,263,1505.4514225961082,14609.0,2316.795196797865,1354.0,6.561904584,28.81799977,69157.62587,23408583.28,14969143.53,13381.97031,1909040.0690000001,228245.1215,920365.7082,13041776.92,333108.0,813392.0,0.6497990951797779,10.789512555391433,0.22770159748668772,5.16797035622776,12.26196540351401,65.5836297031216,2.7629648888648726,21993139.832706545,3136940.6964643095,7.011015495924206,-0.43109204820766667,1.947482554452627,2.3785746026602936,-1.4797192901852407,1.6424800304398093,2.5065022278974367,4.183326117599446,1.0163043382473893,5.572154032177765,1.0,1,0,0,15
France,First Italian War,1494,1498,4,Lost,Spain,Spain,European,Offensive,Away,Paris,Valladolid,973,1547.546619370709,14898.0,1210.8524453028165,6766.4,6.663907848,14.36999906,73335.84014,23336718.16,15615685.66,13115.18738,3537312.19,7477714.62,976353.2804,13655017.24,920070.0,5519930.0,1.2780637520071163,2.2017616457791442,0.4637375284560388,5.591673074517675,6.59730238851211,2.088296552296081,1.0611728242416338,23055349.535384823,8193111.985896977,2.813991750029856,0.24534623891078927,1.0346040269287868,0.7892577880179976,-0.7684365582392775,1.7212785401533919,1.8866608364665922,0.7363486868972429,0.05937473443642535,6.880384082186005,0.0,1,0,0,15
France,Second Italian War,1499,1504,5,Lost,Spain,Spain,European,Offensive,Away,Paris,Valladolid,973,1566.7580402842789,14983.0,1230.4267950626497,6794.4,6.693908808,13.89499901,74564.72669,23315581.36,15805845.11,12853.94873,3560011.615,7566655.77,992820.2134,13835382.04,900845.0,5589155.0,1.2733451893044188,2.205198398681267,0.4817494987356606,5.800919877327066,6.549299238732961,2.0888812165430384,1.1020988221059116,23474735.71757935,8360011.816373667,2.807978772422599,0.2416474448790839,1.0324649264564285,0.7908174815773447,-0.7303310121953939,1.7580165045159457,1.8793580574707187,0.7366286195614147,0.09721638194236415,6.880384082186005,0.0,1,0,0,15
France,War of the League of Cambrai,1508,1516,8,Won,Venice,Italy,European,Offensive,Away,Paris,Venice,844,1448.6397754944785,15280.0,2519.837783794065,10708.0,6.71191012,20.78256172,75824.692,23317027.12,16073309.56,157641.51880000002,2425604.6,9065677.2,1016787.536,14126545.64,1934178.56,7411846.04,0.5748940605665865,1.4269704893537543,0.3229587483212344,0.480994426958033,9.61287223812158,1.7729849856114446,0.5256947610876216,22135215.769555632,26982422.98886685,0.8203568589332688,-0.5535694976524127,-0.1980158395721443,0.3555536580802684,-1.1302306780913751,-0.731899595309334,2.263103058463952,0.572664558703955,-0.6430345367996546,6.738152494595957,1.0,1,0,0,16
France,Italian War of 1521,1521,1526,5,Lost,Spain,Spain,European,Offensive,Away,Paris,Valladolid,973,1340.4131162647586,15735.0,1357.658672776888,7102.4,6.73141194,14.48249921,77472.7475,23326245.94,16446137.47,14557.87409,3759820.21,7487786.355,1050382.682,14541067.93,1012972.5,5907027.5,0.9872975757029887,2.215448299166479,0.46479629257304134,5.321707484282824,6.204085471416731,2.1963951280498306,1.0369310933909854,21091400.384425975,9642634.957530567,2.1873067348623745,-0.012783789849375777,0.7826709855693608,0.7954547754187364,-0.7661560498681548,1.671794207550553,1.8252080220434952,0.7868174382676121,0.0362654790077854,6.880384082186005,0.0,1,0,0,16
France,War of the League of Cognac,1526,1530,4,Lost,Spain,Spain,European,Offensive,Away,Paris,Valladolid,973,1525.9702844190813,15910.0,1293.863467272456,7174.4,6.73891264,14.64499926,78106.615,23329791.64,16589532.82,14976.01054,3806312.76,7464772.63,1063303.892,14700499.58,1040585.0,5979415.0,1.1793905021802036,2.2176070472792153,0.4601511082630126,5.215448719896535,6.12923664213027,2.222376171690577,1.0218328075073155,24278187.225107584,9282694.059599508,2.615424689128992,0.16499778145721902,0.9614264893512656,0.7964287078940466,-0.7762003472181275,1.6516251288348633,1.8130702139932315,0.7985769710789726,0.02159788496157783,6.880384082186005,0.0,1,0,0,16
France,Italian War of 1536,1536,1538,2,Indecisive,Spain,Spain,European,Offensive,Away,Paris,Valladolid,973,1557.1813971581466,16260.0,1383.0860408218855,7318.4,6.75391404,14.96999936,79374.35,23336883.04,16876323.52,15812.28344,3899297.86,7418745.18,1089146.312,15019362.88,1095810.0,6124190.0,1.1258745668727932,2.221797114123306,0.4511632818132599,5.0197904876412975,5.9848936598036655,2.274821834492501,0.9939189385021125,25319769.517791465,10121976.881150886,2.5014648635427985,0.11856012641894749,0.9168765056922871,0.7983163792733398,-0.7959259610697088,1.6133881973030644,1.789238571066568,0.8219017348273817,-0.006099626453714198,6.880384082186005,,1,0,0,16
France,Italian War of 1542,1542,1546,4,Indecisive,Spain,Spain,European,Offensive,Away,Paris,London,343,1616.8888104961973,16470.0,1253.4314552088756,7404.8,6.76291488,15.164999420000001,80134.99100000001,23341137.88,17048397.94,16314.04718,3955088.92,7391128.71,1104651.764,15210680.86,1128945.0,6211055.0,1.2899698693350201,2.224232929991357,0.4459554987572825,4.9120239825124745,5.901545667398041,2.3066027678470777,0.9784814707536682,26630158.70887237,9281409.239530683,2.8691934620715993,0.25461886099616376,1.0540309666085468,0.7994121056123833,-0.8075361105114012,1.5916860732662437,1.7752142941266458,0.8357757787773668,-0.021753428703770488,5.8377304471659395,,1,0,0,16
France,Rough Wooing,1547,1551,4,Won,Kingdom of England,United Kingdom,European,Defensive,Away,Paris,London,343,1614.9984204367577,16645.0,1841.0,4989.16,6.77041558,2.1,80768.8585,23344683.58,17191793.29,3957.7435,3701733.294,7020072.27,1117572.974,15370112.51,96224.33679999999,4485886.961,0.8772397721003572,3.3362329530421957,3.2240074190476187,20.407805230429915,6.306419648827352,2.448948191526239,11.6142444953697,26881648.708169833,9185043.56,2.9266762354004374,-0.13097492363453447,1.0738673884725813,1.204842312107116,1.1706251258351643,3.0159174370086834,1.8415681064550402,0.895658622795767,2.4522323185079955,5.8377304471659395,1.0,0,0,0,16
France,Italian War of 1551,1551,1559,8,Lost,Spain,Spain,European,Offensive,Away,Paris,Valladolid,973,1335.9976789942393,16785.0,1446.243201022775,7534.4,6.77641614,15.45749951,81275.9525,23347520.14,17306509.57,17066.69279,4038775.51,7349704.005,1127909.942,15497657.83,1178647.5,6341352.5,0.9237711043684971,2.2277819069866216,0.4383901895397828,4.7622555523834444,5.780841267902014,2.354721980398992,0.9569527292935335,22424721.041918308,10896574.773785997,2.0579605525091877,-0.07929096057366733,0.7217154693511779,0.8010064299248453,-0.8246459214733026,1.5607214115519852,1.7545492201731252,0.856422665467062,-0.044001283426743525,6.880384082186005,0.0,1,0,0,16
France,French-Iroquois Wars,1609,1701,92,Indecisive,Iroquois Confederacy,,Colonial / Eastern,Offensive,Away,Paris,Onondaga,5831,1582.3751612037092,18767.39,,,6.863423963000001,,87487.854,23732056.42,18921862.54,,,,1280179.8800000001,17365441.08,,,,,,,,,,29697051.77662288,,,,,,,,,,,8.670943791222156,,1,0,1,17
France,Anglo-French War of 1627,1627,1629,2,Won,Kingdom of England,United Kingdom,European,Defensive,Home,Paris,London,343,1494.454925130492,19302.17,1733.0,6816.65,6.890425889,2.1,87487.854,24431633.26,19342019.62,3957.7435,3494468.1810000003,8136257.7,1331464.04,17976147.24,115094.9059,5365615.12,0.8623513705311553,2.8316211042080788,3.281155185238095,22.105488645234338,6.991516875969516,2.377262413898223,11.568401134597913,28846223.022206027,11813254.45,2.4418523400387797,-0.14809246894796138,0.8927569070457348,1.0408493759936963,1.188195551012864,3.0958259326766915,1.9446975392796664,0.8659495793811796,2.4482773410425462,5.8377304471659395,1.0,0,1,0,17
France,War of the Mantuan Succession,1628,1631,3,Won,Spain,Spain,European,Offensive,Away,Paris,Madrid,1052,1415.2937301071856,19331.88,1108.8260551651538,8388.4,6.891925996,17.96,87487.854,24470498.64,19365361.68,22080.84172,4368722.624,7373145.08,1334313.1600000001,18010075.36,1498180.0,6861820.0,1.2763893159927462,2.3045968241857806,0.3837375276169265,3.9621611852213396,5.6012937295604335,2.626472349300361,0.8906227289110789,27360288.555184502,9301276.481147375,2.9415627640615436,0.24403524496443893,1.078940992528541,0.834905747564102,-0.9577964819328797,1.3767896302406943,1.7229975941951599,0.9656416337723638,-0.11583436552295108,6.9584483932976555,1.0,1,0,0,17
France,Thirty Years' War,1635,1648,13,Won,Spain,Spain,European,Offensive,Away,Paris,Madrid,1052,1481.1901156928238,19539.85,1000.1792647901416,8425.5,6.9024267450000005,18.1875,87487.854,24742556.3,19528756.1,22309.94465,4337302.655,7435388.975,1354257.0,18247572.2,1510412.5,6814587.5,1.4809246380483685,2.319132395703519,0.37951487257731964,3.92147337756842,5.7045952906876405,2.626460588095864,0.8966140044524261,28942232.68212042,8427010.395489339,3.4344603036934793,0.3926666481356785,1.2338597965014892,0.8411931483658109,-0.9688614929872966,1.3664674448086822,1.7412720413915224,0.9656371558151396,-0.10912982787304876,6.9584483932976555,1.0,1,0,0,17
France,Franco-Spanish War,1635,1659,24,Won,Spain,Spain,European,Offensive,Away,Paris,Madrid,1052,1481.1901156928238,19539.85,1000.1792647901416,8425.5,6.9024267450000005,18.1875,87487.854,24742556.3,19528756.1,22309.94465,4337302.655,7435388.975,1354257.0,18247572.2,1510412.5,6814587.5,1.4809246380483685,2.319132395703519,0.37951487257731964,3.92147337756842,5.7045952906876405,2.626460588095864,0.8966140044524261,28942232.68212042,8427010.395489339,3.4344603036934793,0.3926666481356785,1.2338597965014892,0.8411931483658109,-0.9688614929872966,1.3664674448086822,1.7412720413915224,0.9656371558151396,-0.10912982787304876,6.9584483932976555,1.0,1,0,0,17
France,War of Devolution,1667,1668,1,Won,Spain,Spain,European,Offensive,Away,Paris,Madrid,1052,2043.6354416626168,20490.57,1051.855744108303,8595.1,6.950430169,19.2275,87487.854,25986248.46,20275702.02,23357.27233,4193668.511,7719932.495,1445428.84,19333272.04,1566332.5,6598667.5,1.9428856600436992,2.38398273434864,0.36148382103757637,3.7456365950587007,6.196543287061918,2.6264092377921755,0.9228109868115487,41875255.07186876,9040805.306185275,4.631805868357741,0.6641743215426414,1.5329468284160965,0.868772506873455,-1.0175379934676325,1.32059158785274,1.8239916022261282,0.9656176044821,-0.08033084680245066,6.9584483932976555,1.0,1,0,0,17
France,Franco-Dutch War,1672,1678,6,Won,Spain,Spain,European,Offensive,Away,Paris,Madrid,1052,1933.4052469654948,20639.12,1124.3476622375917,8621.6,6.957930704,19.39,87487.854,26180575.36,20392412.32,23520.91728,4171225.676,7764392.42,1459674.44,19502912.64,1575070.0,6564930.0,1.7195795499034328,2.3938851257307228,0.358841191542032,3.7195766201852822,6.276470609258879,2.6264015542892922,0.9267362339451579,39903782.90075048,9693675.80474762,4.116475907024559,0.542079813212583,1.4149974349576198,0.8729176217450367,-1.0248753517580766,1.3136098500298534,1.8368078176010787,0.9656146789996536,-0.0760862911806824,6.9584483932976555,1.0,1,0,0,17
France,Franco-Algerian War,1681,1688,7,Indecisive,Regency of Algiers,Algeria,Colonial / Eastern,Offensive,Away,Paris,Algiers,1347,1769.931365466634,20906.510000000002,685.0,1845.0,6.971431667,2.0873501290000003,87487.854,26530363.78,20602490.86,1360.468181,6106428.715,945239.475,1485316.52,19808265.72,38090.031930000005,1806910.043,2.5838414094403417,11.331441734417345,3.339847766862116,64.30716662237027,4.344661178935911,21.796054232711768,38.994887763014795,37003087.79144184,1263825.0,29.278648382048022,0.9492772099812957,3.3768585262123216,2.427581316231026,1.205925227166067,4.163671081057234,1.4689477761453578,3.0817289549133777,3.6634305545378987,7.205635176410364,,1,0,1,17
France,War of the Reunions,1683,1684,1,Won,Spain,Spain,European,Offensive,Away,Paris,Madrid,1052,1953.923871332805,20965.93,1094.0781997101856,8679.9,6.974431881,19.747500000000002,87487.854,26608094.54,20649174.98,23880.93617,4121851.439,7862204.255,1491014.76,19876121.96,1594292.5,6490707.5,1.785908787736002,2.415457551354278,0.35318049783516897,3.66350185676159,6.4553744679491345,2.626384956466639,0.9352203312754718,40965831.1116926,9496489.36566444,4.3137868673668915,0.5799274104536275,1.461816141870957,0.8818887314173293,-1.0407760274189888,1.298419481444992,1.8649130346917464,0.9656083593738247,-0.06697312903121412,6.9584483932976555,1.0,1,0,0,17
France,War of the League of Augsburg,1688,1697,9,Indecisive,England,United Kingdom,European,Offensive,Away,Paris,London,343,1941.8349109790838,21114.48,2333.0,8277.6,6.981932415999999,2.1,87487.854,26802421.44,20765885.28,3957.7435,3930173.0640000002,8593031.8,1505260.36,20045762.56,137585.0996,6414086.78,0.8323338666862768,2.5507973325601623,3.3247297219047613,22.105488645234338,6.819654250218026,2.4165958841208988,10.94057688206231,41000834.391169645,19311640.8,2.1231150069428404,-0.18352163657819565,0.7528843531534698,0.9364059897316656,1.2013883841586945,3.0958259326766915,1.9198087741212926,0.8823598904402497,2.392478527053518,5.8377304471659395,,1,0,0,17
France,War of the Spanish Succession,1701,1714,13,Indecisive,England,United Kingdom,European,Defensive,Home,Paris,London,343,1776.4617571071435,21552.491666666665,2613.0,8670.616666666667,7.19260623,2.52199997,87487.854,27129599.4,21088439.0,4493.83469,4045534.0,8681622.8,1587183.31,20465214.6,173639.322,6637650.15,0.679855245735608,2.4856930591249755,2.85194540664487,19.46841840770961,6.706061400052502,2.4290895245990183,9.140690551648204,38287177.216203734,22656321.35,1.6899114655347052,-0.3858753773910768,0.5246761403051509,0.9105515176962278,1.0480013602387068,2.9687935838149233,1.9030118039896697,0.887516505906933,2.2127359353088374,5.8377304471659395,,0,1,0,18
France,War of the Quadruple Alliance,1718,1720,2,Won,Spain,Spain,European,Offensive,Away,Paris,Madrid,1052,1995.652597360633,22937.85,1149.1208533780512,9284.95,10.4680326,20.6960016,95769.5628,24667130.4,21801566.4,28913.4896,4623769.2,8412704.6,2417163.54,20656058.8,1909971.8399999999,7318301.9,1.7366777319322393,2.470433335666858,0.5057997579590446,3.312279635730998,5.334853305394222,2.591505043455347,1.2655493077845588,45775979.930368595,10669529.667572537,4.290346562275715,0.5519739386309401,1.4563675134243474,0.9043935747934073,-0.6816144232773385,1.19763666403711,1.6742613877297954,0.9522388047986716,0.2355062633293886,6.9584483932976555,1.0,1,0,0,18
France,War of the Polish Succession,1733,1738,5,Won,Austria,Austria,European,Offensive,Away,Paris,Vienna,1033,2006.0575800293796,24160.225,1941.0,2738.975,13.358088599999999,6.44999991,113934.692,22218081.0,22403814.0,7526.672200000001,2308929.74,1023378.0079999999,3204894.29,20769079.2,160827.516,2330789.12,1.033517557974951,8.820900154254785,2.0710215172700677,15.137459022062895,9.622675222676978,21.89202213147422,19.92752465318186,48466802.49646531,5316350.475,9.116555186566272,0.03296808884390238,2.2100920119605387,2.1771239231166364,0.7280419721567056,2.7171724018276784,2.26412231569321,3.0861222842200524,2.992101924462915,6.940222469119639,1.0,1,0,0,18
France,War of the Austrian Succession,1740,1748,8,Indecisive,Great Britain,United Kingdom,European,Offensive,Away,Paris,London,343,1667.4412016560752,24730.666666666668,2526.0,12789.666666666666,14.706773,18.980001,122003.2,20999220.0,22676856.0,33146.402,5202298.5,8433438.0,3587618.8,20806714.0,1663587.2,7101361.0,0.6601113229042261,1.933644348302015,0.7748562816197955,3.680737354238327,4.036527315762446,2.688921884526809,2.1565559052149474,41236932.544422515,32306698.0,1.2764205287839232,-0.4153467871180216,0.24405969863946878,0.6594064857574904,-0.2550777098967141,1.3031131001093983,1.3953847470200385,0.9891403268561435,0.7685124608202589,5.8377304471659395,,1,0,0,18
France,Seven Years' War,1754,1763,9,Lost,Great Britain,United Kingdom,European,Offensive,Away,Paris,London,343,1819.1097286026456,25871.55,2648.0,14268.3,17.4041064,23.6399994,136627.594,18981415.2,23200419.2,44729.27,5580034.8,8382360.6,4392929.4,20832519.2,2247723.88,7254440.4,0.6869749730372529,1.8132188137339418,0.7362143334064551,3.054545580556088,3.4016660971361685,2.767766779205371,1.954390145109817,47063188.299029775,37782458.4,1.2456359456755142,-0.37545741677232947,0.2196461992422612,0.5951036160145907,-0.3062339887803225,1.1166308354242684,1.2242653401667865,1.0180407781382574,0.6700781985365936,5.8377304471659395,0.0,1,0,0,18
France,Conquest of Corsica,1768,1769,1,Won,Corsican Republic,Italy,European,Offensive,Away,Paris,Corte,899,1726.5977344787586,27012.433333333334,2495.5659743330175,17196.4,20.101395399999998,17.3020596,150233.686,18376184.0,23700092.4,238639.744,3717118.06,12722366.0,5234679.7,20797854.0,2927984.36,13994450.4,0.6918661947778084,1.5708190861653213,1.1617920562474537,0.6295417665215061,4.943664339786937,1.8628683060996671,1.7878099936298841,46639606.19609184,42914750.7210203,1.0867966238295552,-0.36836270220862666,0.08323449204108169,0.45159719424970834,0.1499636891002201,-0.4627630789751146,1.5981068254126765,0.6221173999634033,0.5809914035597192,6.80128303447162,1.0,1,0,0,18
France,American Revolutionary War,1778,1783,5,Won,Kingdom of Great Britain,United Kingdom,European,Offensive,Away,Paris,London,343,1795.7002711192126,27827.35,2966.0,16803.1,22.027994399999997,26.2799988,159746.04,17896735.6,24039724.4,56730.7232,5863245.7,8245481.6,5863217.5,20745835.2,2845196.3600000003,7977497.5,0.605428277518278,1.6560842939695652,0.8382037825663826,2.8158646847639694,3.0523598217963133,2.9155027645686578,2.0607426546827154,49969579.93952922,49837994.599999994,1.0026402615230674,-0.5018191746675715,0.002636782155560157,0.5044559568231317,-0.1764940307760051,1.0352693848557257,1.1159150035228056,1.0700422799110278,0.72306642981456,5.8377304471659395,1.0,1,0,0,18
France,War of the First Coalition,1792,1797,5,Won,Great Britain,United Kingdom,European,Defensive,Home,Paris,London,343,1618.2172336430308,28968.233333333334,3134.0,18281.733333333334,24.725160600000002,27.8199984,173380.064,17160985.6,24489124.8,64739.054,5627304.5,8106455.7,6780483.7,20635743.6,3238630.7,8398935.8,0.5163424485140494,1.5845452291175892,0.888754925305819,2.6781371256985005,3.0495925002814404,3.020941050723314,2.0936266984685843,46876894.4081925,57294952.266666666,0.8181679633838314,-0.6609850737144779,-0.2006876292475108,0.4602974444669672,-0.11793375604508423,0.9851214504758115,1.11500797522808,1.1055683890474224,0.7388978245734774,5.8377304471659395,1.0,0,1,0,18
France,Italian Campaign of 1796,1796,1797,1,Won,Habsburg Austria,Austria,European,Offensive,Away,Paris,Vienna,1033,1633.3367610297842,29294.199999999997,1941.0,3195.2,25.4957618,9.6,177449.792,16935416.8,24610966.4,9098.472300000001,1873139.1400000001,1213313.02,7051444.1,20595418.8,293476.8,2763123.2,0.841492406506844,9.168189784677015,2.6558085208333333,19.503251331544963,9.04119530597177,20.2841031080339,24.0272624616324,47847293.7449587,6201883.199999999,7.714962085219326,-0.17257828915094023,2.043161571379111,2.2157398605300513,0.976749135955619,2.970581186621998,2.201791389775169,3.0098374811398245,3.179189121562279,6.940222469119639,1.0,1,0,0,18
France,French invasion of Switzerland,1798,1798,1,Won,Old Swiss Confederacy,Switzerland,European,Offensive,Away,Paris,Bern,435,1706.167550679424,29457.183333333334,2401.5904356824753,1841.9,25.881062399999998,8.9013548,179484.656,16822632.4,24671887.2,8389.7916,997919.7000000001,178670.928,7186924.3,20575256.4,146635.698,1499956.74,0.7104323557128805,15.992824438532674,2.9075419395708164,21.393219826819056,16.857701476381312,138.0856274502587,49.01210549698477,50258890.33774809,4423489.4234835515,11.361819940369294,-0.34188154257434844,2.4302586064798155,2.772140149054164,1.0673080299225786,3.063074041303938,2.8248076132906856,4.927873981503632,3.892067318557437,6.075346031088684,1.0,1,0,0,18
France,French Campaign in Egypt,1798,1801,3,Lost,Ottoman Empire,Turkey,Colonial / Eastern,Offensive,Away,Paris,London,343,1706.167550679424,29457.183333333334,957.9714285714285,9767.1,25.881062399999998,6.2413642,179484.656,16822632.4,24671887.2,20295.2552,8174429.0,10859499.6,7186924.3,20575256.4,609296.968,9150964.2,1.7810213329887514,3.0159600427284796,4.146699594937914,8.843675737568454,2.0579581032510035,2.271917501613058,11.795437491820902,50258890.33774809,9356602.74,5.371489175541088,0.5771869823316617,1.6811051839574083,1.1039182016257467,1.422312739512821,2.17970259764285,0.7217142792119214,0.8206241892899022,2.467712803466466,5.8377304471659395,0.0,1,0,1,18
France,War of the Second Coalition,1799,1802,3,Won,Austria,Austria,European,Defensive,Away,Paris,Vienna,1033,1737.0356479074496,29538.675,1941.0,3216.925,26.073712699999998,9.9,180502.088,16766240.2,24702347.6,9260.16495,1845924.91,1213729.33,7254664.4,20565175.2,303154.2,2758845.8,0.8949179020646314,9.182270335802047,2.6337083535353534,19.492318870626594,9.082839778135938,20.35243525012286,23.93060825151029,51309731.466952585,6244051.425000001,8.217378105106265,-0.11102329445141763,2.106251192872293,2.217274487323711,0.9683928734000796,2.970020483898683,2.2063868946128635,3.0132005730396285,3.1751583195458637,6.940222469119639,1.0,0,0,0,18
France,Haitian Revolution,1802,1803,1,Lost,Haitian rebels,Haiti,Colonial / Eastern,Offensive,Away,Paris,Port-au-Prince,7356,1583.469331566723,29783.15,1780.0,723.0,26.6516646,3.1682555000000003,185610.71399999998,16830820.4,24987844.4,431.589288,75936.163,247421.036,7541786.6,20732867.2,15447.9646,470408.044,0.8895895121161365,41.193845089903185,8.412094479122658,430.06330129305707,221.6443356507228,100.99320900103255,488.2058442832009,47160704.62245145,1286940.0,36.64561255571468,-0.11699514499311134,3.601293709180652,3.718288854173763,2.1296704892470264,6.063932410162375,5.401074005487676,4.615053276967171,6.1907371289711906,8.903271585724212,0.0,1,0,1,19
France,Caribbean Campaign,1803,1810,7,Lost,Great Britain,United Kingdom,European,Defensive,Away,Paris,London,343,1737.1416122010803,29864.641666666666,3252.0,19443.516666666666,26.8443154,29.705618899999997,187656.311,16891306.6,25115362.6,72259.948,5224016.75,7953189.55,7651477.65,20821753.8,3605075.71,8529704.75,0.5341763875157074,1.5359691448134811,0.9036780378273823,2.596961611430996,3.233394418193625,3.1578981542065727,2.1224180198978404,51879111.77264089,63230316.199999996,0.8204784491120558,-0.6270291808636755,-0.19786763435201848,0.42916154651165705,-0.10128213487326411,0.9543421506810986,1.1735324888876042,1.1499066652204895,0.7525560141454558,5.8377304471659395,0.0,0,0,0,19
France,War of the Third Coalition,1805,1805,1,Won,Austria,Austria,European,Offensive,Away,Paris,London,343,1891.73696437215,30027.625,1941.0,3260.375,27.229616999999998,10.5,191747.505,17012279.0,25370399.0,9538.7905,1800896.7,1209531.65,7870859.75,20999527.0,321138.0,2737562.0,0.9746197652612828,9.209868496722002,2.5932968571428567,20.101867736795352,9.446560149729855,20.975390763854755,24.509275607371286,56804368.16480528,6328387.875,8.976119872362482,-0.025707868395364146,2.1945677034552573,2.2202755718506215,0.9529299840541939,3.0008127329766516,2.2456506699200416,3.04334988216089,3.1990516421204522,5.8377304471659395,1.0,1,0,0,19
France,War of the Fourth Coalition,1806,1807,1,Won,Prussia,Germany,European,Offensive,Away,Paris,Berlin,877,1861.9405609035512,30109.11666666667,1738.1777828105276,23749.416666666668,27.4222678,12.918764,193793.10199999998,17072765.2,25497917.2,349788.616,13385983.6,12186316.8,7980550.8,21088413.6,3035038.2800000003,20446372.4,1.071202600399659,1.2677834192418762,2.122669614523495,0.5540291854438167,1.2754210456376176,2.0923399266954883,2.6294728645070005,56061385.5746438,41280708.40471006,1.358052895435469,0.06878194294943994,0.30605197936134315,0.23727003641190325,0.7526745486246543,-0.5905379123159361,0.24327635596848718,0.7382830218629676,0.9667833943541587,6.776506992372183,1.0,1,0,0,19
France,Peninsular War,1808,1814,6,Lost,Great Britain,United Kingdom,European,Offensive,Away,Paris,London,343,2022.1609462729605,30272.1,3250.0,19971.6,27.8075694,31.381650399999998,197884.296,17193737.6,25752953.6,76602.878,4882340.5,7843811.3,8199932.9,21266186.8,3816486.06,8344151.0,0.6222033680839878,1.515757375473172,0.88610920858388,2.583248843470346,3.5216178797853206,3.283219421660488,2.148555705716373,61215058.381669685,64907699.99999999,0.9431093442175534,-0.47448828134780036,-0.058573049499668746,0.41591523184813145,-0.12091507572029067,0.9490478484088866,1.2589205089538298,1.188824472003529,0.7647958516214276,5.8377304471659395,0.0,1,0,0,19
France,War of the Fifth Coalition,1809,1809,1,Won,Austrian Empire,Austria,European,Defensive,Away,Paris,Vienna,1033,2010.8483615151426,30353.591666666667,1941.0,3289.3416666666667,28.0002202,10.9,199929.89299999998,17254223.8,25880471.8,9718.5729,1772131.26,1206062.49,8309623.95,21355073.4,332944.4,2721675.6,1.0359857606981673,9.227862211536756,2.5688275412844037,20.571939425386212,9.73642539322962,21.458649128537278,24.957992836041093,61036470.06901635,6384612.175,9.559933852836778,0.035353399242996277,2.2575808078800397,2.2222274086370435,0.9434495851948969,3.0239279833908457,2.275874047543954,3.0661277868771997,3.217194125045037,6.940222469119639,1.0,0,0,0,19
France,Mauritius campaign,1810,1810,1,Lost,Great Britain,United Kingdom,European,Defensive,Away,Paris,London,343,1916.6486439599378,30435.083333333332,3478.0,20182.833333333332,28.192871,32.052063,201975.49,17314710.0,26007990.0,78340.05,4745670.0,7800060.0,8419315.0,21443960.0,3901050.2,8269929.5,0.5510778159746802,1.5079688183852615,0.8795961433122106,2.578189444607196,3.648528026601091,3.3343320435996646,2.1582175487000907,58333361.199641034,70195894.33333333,0.8310081629936691,-0.5958792529864887,-0.18511566107786045,0.4107635919086282,-0.1282924049039007,0.947087386924621,1.2943238058717346,1.2042723725307998,0.769282672088607,5.8377304471659395,0.0,0,0,0,19
France,French invasion of Russia,1812,1812,1,Lost,Russian Empire,Russia,European,Offensive,Away,Paris,St. Petersburg,2163,1601.3052843144017,30598.066666666666,754.4524815738736,101936.816,28.5781604,2.03926952,206075.19199999998,17391385.2,26222546.4,37584.0788,17864704.0,45746446.4,8638818.4,21571222.0,752077.34,36036692.8,2.1224733477897733,0.3001669844844542,14.013920239439464,5.483044911027591,0.973505365664049,0.5732149371934603,11.486609076667568,48996845.84313768,76906483.79493934,0.6370964244546805,0.7525820821350195,-0.45083426209537636,-1.203416344230396,2.6400511384407417,1.7016605873472552,-0.026851942460317173,-0.5564945240629472,2.4411819287801824,7.679251425953058,0.0,1,0,0,19
France,War of the Sixth Coalition,1813,1814,1,Lost,Prussia,Germany,European,Defensive,Home,Paris,London,343,1858.4980509565842,30679.558333333334,1763.2544864781366,24327.208333333336,28.7708051,13.2486313,208125.043,17429722.8,26329824.6,367641.924,12977395.3,12519536.4,8748570.1,21634853.0,3205830.9,20987374.8,1.0540157788956963,1.2611212068791287,2.1716058397670106,0.5661080236322559,1.3430832919145184,2.103099009321144,2.7289555727970556,57017899.36670883,42895059.23723832,1.3292416511505853,0.05260742049638936,0.28460859251035386,0.2320011720139645,0.775466912199628,-0.568970364515402,0.2949679349139763,0.7434119756509174,1.003918961929727,5.8377304471659395,0.0,0,1,0,19
France,Waterloo Campaign,1815,1815,1,Lost,Prussia,Germany,European,Offensive,Away,Paris,London,343,1786.348619458091,30842.541666666664,1917.8316198236707,24492.291666666668,29.156094500000002,13.301309499999999,212224.745,17506398.0,26544381.0,371447.3,12849473.5,12614742.0,8968073.5,21762115.0,3245733.5,21150842.0,0.9314418434827617,1.2592754523106757,2.1919717378202503,0.5713455044632173,1.3624214252825222,2.1042349498705564,2.7630344573884456,55095531.72682864,46972091.40027713,1.1729418487528445,-0.07102152408033537,0.15951499363670793,0.23053651771704323,0.7848014756724716,-0.5597611656916264,0.30926357637489665,0.7439519568304632,1.0163295168691073,5.8377304471659395,0.0,1,0,0,19
France,French intervention in Spain,1823,1823,1,Won,Spanish liberal Cortes,Spain,European,Offensive,Away,Paris,Madrid,1052,1933.7330429497054,31905.0,1620.3063163030754,12449.0,30.6972236,24.4537686,228022.59,17719650.6,27293177.4,47922.9212,5851335.05,11497447.2,9821697.7,22156935.0,3049360.5100000002,9405039.2,1.1934367122395417,2.5628564543336814,1.255316679491275,4.758111239679605,3.0283090010372935,2.3738467266020584,3.220904077360141,61695752.735310346,20171193.331656985,3.058606980801878,0.17683713836063664,1.117959577281298,0.9411224389206613,0.22738787500880936,1.5598507911113797,1.1080043782673796,0.8645117307510497,1.169662089514478,6.9584483932976555,1.0,1,0,0,19
France,French conquest of Algeria,1830,1847,17,Won,Emirate of Mascara,Algeria,Colonial / Eastern,Offensive,Away,Paris,Mascara,1507,1898.150727629452,33300.0,776.0,2906.4,32.04567,7.3557644,240969.3,17769968.0,27788790.0,8314.3524,12258330.0,1621321.2,10533051.0,22335820.0,232783.06,2931851.2,2.4460705252956854,11.457473162675475,4.356538390490049,28.982329399461104,1.4496238884089432,17.139595781514483,45.2483569895507,63208419.23006075,2255366.4,28.025787397586818,0.8944828697584312,3.333125064819974,2.438642195061543,1.4716777948826847,3.3666863132157965,0.3713041354816007,2.8413913295493303,3.812166359863536,7.317876198626496,1.0,1,0,1,19
France,Belgian Revolution,1831,1832,1,Won,Netherlands,Netherlands,European,Offensive,Away,Paris,The Hague,383,1924.7241584020235,33439.0,3264.0,2653.0,32.2383,45.619637499999996,243305.16999999998,17791586.4,27867955.6,30483.6774,1331864.36,472362.50399999996,10652509.3,22381624.8,1203597.54,1434287.86,0.5896826465692474,12.604221635883905,0.7066759353359615,7.981490120348799,13.35840715791809,58.996968142077606,8.85055755431338,64360851.132805265,8659392.0,7.432490772193391,-0.5281707739663385,2.005861034341197,2.5340318083075353,-0.34718308402874815,2.0771251259027745,2.5921459362939396,4.077486055162927,2.180480457522778,5.948034989180646,1.0,1,0,0,19
France,First Franco-Moroccan War,1844,1844,1,Won,Morocco,Morocco,Colonial / Eastern,Offensive,Away,Paris,Fez,1757,2444.2429270081725,35539.0,786.76,3210.76,34.74245,9.9559348,274780.8,18040964.0,28870882.8,9692.93164,5107784.6,2175311.06,12228276.4,22946910.4,384516.74799999996,3467004.3,3.1067198726526164,11.068718932589167,3.4896220895299557,28.348575044732282,3.5320526241455057,13.272070983724047,31.801674344754424,86865949.38294344,2526097.5376,34.387409072681024,1.1335674662730624,3.537690482050353,2.4041230157772904,1.2497934465489167,3.3445767659381294,1.2618791818791653,2.5856619012557007,3.459518940750813,7.471363088187097,1.0,1,0,1,19
France,French-Tahitian War,1844,1847,3,Won,Kingdom of Tahiti,,Colonial / Eastern,Offensive,Away,Paris,Papeete,15710,2444.2429270081725,35539.0,,,34.74245,,274780.8,18040964.0,28870882.8,,,,12228276.4,22946910.4,,,,,,,,,,86865949.38294344,,,,,,,,,,,9.662052731249666,1.0,1,0,1,19
France,Kabyle Campaigns,1851,1857,6,Won,Kabyle tribal forces,Algeria,Colonial / Eastern,Offensive,Away,Paris,Algiers,1347,2498.842933227564,36479.0,967.0999999999999,3362.94,36.0907703,8.9076152,292431.534,18092931.4,29267453.0,13258.9568,15621821.3,2182498.8600000003,13080096.4,23158158.6,371225.32,3792241.2,2.5838516525980397,10.84735380351716,4.0516759525041,22.055395338492993,1.1581832266894512,13.410065652909434,35.234925247017095,91155291.3612083,3252299.2739999997,28.027953051533448,0.9492811742870604,3.3332023354509923,2.383921161163932,1.3991306109535662,3.093557258514953,0.14685259348179602,2.596005593098861,3.562037785221949,7.205635176410364,1.0,1,0,1,19
France,Crimean War,1853,1856,3,Won,Russian Empire,Russia,European,Offensive,Away,Paris,St. Petersburg,2163,2515.0432197259547,36739.0,754.4524815738736,101936.816,36.4759709,5.09722572,296374.602,18032430.2,29189283.0,129795.338,26667743.2,65129251.0,13281809.2,23121527.8,2841170.08,52514552.2,3.3336005661738812,0.3604095305468438,7.156043876353979,2.283399439200197,0.6761888347567409,0.4481747072448292,4.674767376122727,92400172.84951185,76906483.79493934,1.2014614150854215,1.2040529709646695,0.18353866172568173,-1.020514309238988,1.9679572970354424,0.8256653146614772,-0.3912829005915798,-0.8025721510576489,1.542179402384491,7.679251425953058,1.0,1,0,0,19
France,Franco-Trarzan War,1855,1858,3,Won,Emirate of Trarza,Mauritania,Colonial / Eastern,Offensive,Away,Paris,Boutilimit,3805,2577.990726478919,37000.0,679.0,1006.0,36.8611715,1.28901595,300317.67000000004,17971929.0,29111113.0,249.10331000000002,18022499.0,124886.54500000001,13483522.0,23084897.0,5258.50525,402539.26,3.7967462834741075,36.779324055666,28.596365700517513,1205.594859417966,0.9971940628211438,233.10047531541525,2564.1358825304965,95385656.87972,683074.0,139.64176191703973,1.3341444587574418,4.939080299724119,3.604935840966677,3.3532796363428186,7.094728383383127,-0.00280988120009369,5.451469585144803,7.849376812943052,8.244071270295786,1.0,1,0,1,19
France,Second Opium War,1856,1860,4,Won,China,China,Colonial / Eastern,Offensive,Away,Paris,Beijing,8216,2686.804790129401,37060.0,884.1,390628.0,37.0537718,6.2179395600000005,302289.204,17941678.4,29072028.0,761220.61,289508168.0,84675773.6,13584378.4,23066581.6,26414893.6,398419878.0,3.0390281530702423,0.09487287137634783,5.9591720766098915,0.39711116597329127,0.061972960983953995,0.3433334797427821,0.5142696618698476,99572985.5221956,345354214.8,0.288321327075333,1.1115377778174593,-1.243679701786502,-2.355217479603961,1.7849315581074214,-0.9235390224457689,-2.781057102224081,-1.0690530599913686,-0.6650075171112377,9.013838751608395,1.0,1,0,1,19
France,Franco-Toucouleur Wars,1857,1887,30,Won,Toucouleur Empire,Mali,Colonial / Eastern,Offensive,Away,Paris,Ségou,4006,2835.717213114754,37120.0,728.0,3687.654,37.2463721,3.29792258,304260.738,17911427.8,29032943.0,3068.43542,13498424.5,685729.55,13685234.8,23048266.2,68368.0942,2003659.58,3.895215952080706,10.066020293660957,11.293889167040424,99.15826678861634,1.3269272869585633,42.33876606309295,200.16990322950963,105261822.95081967,2684612.112,39.20932282183627,1.3597491211954633,3.668914545607698,2.309165424412235,2.424261797765307,4.596717228077325,0.28286595879116533,3.7457031217556556,5.299166522060971,8.295548516225763,1.0,1,0,1,19
France,Cochinchina Campaign,1858,1862,4,Won,Vietnam,Vietnam,Colonial / Eastern,Offensive,Away,Paris,Huế,9705,3028.6495204216276,37180.0,813.4,9573.52,37.438972400000004,5.564051200000001,306232.272,17881177.2,28993858.0,14141.289899999998,108721.4692,2151406.48,13786091.2,23029950.8,533302.2000000001,9040218.2,3.7234442100093776,3.883629010019303,6.728725357523669,21.655186631878614,164.46776640873426,13.476699205628497,25.850430018852347,112605189.16927612,7787101.1680000005,14.460475951180825,1.314649102844115,2.671419131208352,1.3567700283642372,1.9063857286197319,3.075244993049152,5.1027146021218615,2.600962209448276,3.2523272359747737,9.18039649560311,1.0,1,0,1,19
France,Franco-Austrian War,1859,1859,1,Won,Austrian Empire,Austria,European,Offensive,Away,Paris,Vienna,1033,2826.921982217866,37240.0,2813.6,4206.0,37.6315727,22.5,308203.80600000004,17850926.6,28954773.0,24467.3779,1960319.36,1463321.42,13886947.6,23011635.4,935315.066,3215612.2600000002,1.0047348529349822,8.854018069424631,1.6725143422222222,12.596519629510444,9.106131870268323,19.787021910743302,14.847347278804552,105274574.61779334,11834001.6,8.895940542867033,0.0047236787769386595,2.185595053905297,2.1808713751283584,0.5143280883031929,2.5334205559215714,2.208948018497642,2.985026263739922,2.697821214867744,6.940222469119639,1.0,1,0,0,19
France,French intervention in Mexico,1862,1867,5,Lost,Mexican Republicans,Mexico,Colonial / Eastern,Offensive,Away,Paris,Mexico City,9195,3051.0,37520.0,946.0,8596.2,38.2093338,13.062956999999999,313930.01200000005,17733449.6,28817051.2,53168.054,25217762.4,6512852.7,14179425.8,22925434.0,1233861.28,8204177.1,3.2251585623678647,4.36471929457202,2.925014129649206,5.904485652230192,0.7032126529989038,4.424643474586796,11.491912445781587,114473520.0,8132005.200000001,14.076911805221176,1.1709821156647913,2.644535994657571,1.4735538789927793,1.0732993113214535,1.7757123420842242,-0.3520959393161335,1.48718970449905,2.4416435223777513,9.126415137038421,0.0,1,0,1,19
France,Franco-Prussian War,1870,1871,1,Lost,Prussia,Germany,European,Defensive,Home,Paris,Berlin,877,2990.0,38440.0,2931.0,39231.0,39.749977,14.831122,328948.7,17384544.0,28422504.0,482062.84,11346974.0,14915539.0,14945913.0,22653890.0,5818398.0,33412602.0,1.020129648584101,0.979837373505646,2.680173286956981,0.6823772187045157,1.532086351832656,1.905563318898499,2.5687333523763756,114935600.0,114986061.0,0.9995611555038832,0.019929725673839625,-0.0004389408165434621,-0.020368666490383193,0.9858814517447485,-0.38217266744089134,0.42663043515594423,0.6447776703249519,0.9434129184146919,6.776506992372183,0.0,0,1,0,19
France,Mokrani Revolt,1871,1872,1,Won,Kabyle rebels,Algeria,Colonial / Eastern,Defensive,Away,Paris,Algiers,1347,3027.0,37731.0,1156.6046511627908,3816.0232558139537,39.942546,10.6850989,331495.305,17365854.2,28415478.0,19523.9196,18825148.2,2695390.2800000003,15069958.5,22653754.0,546946.06,4567789.35,2.6171432018337555,9.887518358939355,3.7381540754854408,16.97893208902581,0.9224816726808026,10.54224993346789,27.552915364268276,114211737.0,4413630.246619795,25.87705145610458,0.9620833418956998,3.2533565317704896,2.2912731898747896,1.3185919268798485,2.8319732866218774,-0.08068777027748661,2.3553909865059786,3.3161083508448765,7.205635176410364,1.0,0,0,1,19
France,Conquest of Tunisia,1881,1881,1,Won,Beylik of Tunis,Tunisia,Colonial / Eastern,Offensive,Away,Paris,Tunis,1482,3497.0,39191.0,1110.8139534883721,1353.5348837209303,41.868207299999995,16.882992299999998,356808.382,17161067.8,28304340.6,6937.547239999999,1329293.8699999999,1296384.8399999999,16301978.8,22630564.0,213627.633,1051137.3399999999,3.1481419449387626,28.954554826294626,2.4799044242885784,51.431488630843546,12.909912689208445,21.833285708586352,76.3102533650223,137050927.0,1503525.4353704706,91.1530485456872,1.1468124200528296,4.512539945937711,3.365727525884881,0.908220020840945,3.940250604163646,2.55799544179993,3.083435672684596,4.334807311503372,7.301147805856032,1.0,1,0,1,19
France,Tonkin Campaign,1883,1886,3,Won,Vietnam,Vietnam,Colonial / Eastern,Offensive,Away,Paris,Huế,9705,3647.0,39472.0,912.0232558139535,13191.790697674418,42.2532879,6.986538510000001,361595.646,17087911.4,28208533.8,24885.9092,141233.261,3056473.85,16533200.4,22586632.0,938507.79,12451767.5,3.998801540148405,2.9921639074336226,6.047814356068009,14.53013603376806,120.99070204149714,9.2291101394504,17.61647647058955,143954384.0,12031219.902109247,11.96506964142204,1.3859947012634615,2.4819915417714835,1.0959968405080218,1.7996969433115526,2.6762248398073307,4.79571370001194,2.2223626342733844,2.8688346272184018,9.18039649560311,1.0,1,0,1,19
France,First Franco-Hova War,1883,1886,3,Won,Merina Kingdom (Madagascar),Madagascar,Colonial / Eastern,Offensive,Away,Paris,Antananarivo,8759,3647.0,39472.0,1516.0,3106.5271615384613,42.2532879,4.24393766,361595.646,17087911.4,28208533.8,668.384848,10286880.5,678175.222,16533200.4,22586632.0,65905.4244,1485518.12,2.4056728232189974,12.706149969875712,9.95615187712253,540.9991669948807,1.6611363765720812,41.59475735018818,250.86251322281143,143954384.0,4709495.176892308,30.56683967027488,0.8778296246063633,3.4199157504564237,2.5420861258500604,2.298190639222512,6.293417739094614,0.5075019323613092,3.7279741340895094,5.524905032974198,9.07783702216309,1.0,1,0,1,19
France,Franco-Mandingo Wars,1883,1898,15,Won,Wassoulou Empire,Guinea,Colonial / Eastern,Offensive,Away,Paris,Bissandougou,4453,3647.0,39472.0,520.0,2585.509,42.2532879,3.09110027,361595.646,17087911.4,28208533.8,2135.00575,5360729.9,1964313.84,16533200.4,22586632.0,55551.7691,1740581.9300000002,7.013461538461539,15.266626416693967,13.669335902843422,169.36518601881988,3.1876090977834934,14.360502494855913,297.61789170455063,143954384.0,1344464.68,107.07189719554404,1.9478313792332071,4.6735005452206675,2.72566916598746,2.615155068929843,5.132057247630933,1.1592711366544284,2.664481555685837,5.695810421126772,8.401333305321703,1.0,1,0,1,19
France,Sino-French War,1884,1885,1,Won,China,China,Colonial / Eastern,Offensive,Away,Paris,Beijing,8216,3591.0,39629.0,917.8235294117648,372754.0,42.4458282,6.39287264,363989.278,17051333.2,28160630.4,675784.816,221313636.0,86020245.6,16648811.2,22564666.0,23450211.2,343340768.0,3.9125168236877523,0.10631408381935539,6.639554796449065,0.5386171298646047,0.07704601265509008,0.3273721227320002,0.7099642326462288,142307739.0,342122391.88235295,0.4159556415381778,1.3641808558411168,-0.877176655324196,-2.2413575111653126,1.8930449125129256,-0.6187502946829754,-2.563352468651265,-1.1166577650985723,-0.34254068677032457,9.013838751608395,1.0,1,0,1,19
France,Franco-Dahomean Wars,1892,1894,2,Won,Kingdom of Dahomey,Benin,Colonial / Eastern,Offensive,Away,Paris,Abomey,4634,3974.0,39993.0,1627.0,1672.661,43.9860844,2.08020492,383008.762,16737425.2,27684971.2,2132.09852,377820.60799999995,826178.402,17564078.8,22361646.8,41746.275,1964182.72,2.4425322679778736,23.90980599177,21.145072765235074,179.6393358033005,44.29992659373414,33.50967676349399,420.73403674938663,158932182.0,2721419.447,58.40047265598892,0.8930353158927244,4.067323983225897,3.1742886673331734,3.0514069121687117,5.190951150836285,3.7909830200233996,3.511834255731165,6.042000892361601,8.441175704992322,1.0,1,0,1,19
France,Franco-Siamese War,1893,1893,1,Won,Kingdom of Siam,Thailand,Colonial / Eastern,Offensive,Away,Paris,Bangkok,9442,4041.0,40014.0,1261.8695652173913,6865.0,44.1785916,9.7712023,385337.608,16690205.8,27590851.8,29708.5829,108096.039,2219519.2399999998,17674880.2,22326035.2,644503.08,5939767.15,3.2023912069737794,5.828696285506191,4.521305592045719,12.97058191220558,154.40164093339257,12.43100366185607,27.424043031726086,161696574.0,8662734.56521739,18.665765732825758,1.1638977829310844,2.9266911365893744,1.7627933536582898,1.5088007999333715,2.5626838633362112,5.039557265341148,2.520193647384072,3.3114201115406727,9.152923101106232,1.0,1,0,1,19
France,Conquest of Madagascar,1894,1896,2,Won,Merina Kingdom (Madagascar),Madagascar,Colonial / Eastern,Offensive,Away,Paris,Antananarivo,8759,4186.0,40056.0,1516.0,3355.0795230769227,44.3710988,4.69116042,387666.454,16642986.4,27496732.4,783.1674399999999,10900968.0,718659.7039999999,17785681.6,22290423.6,77223.4464,1566814.22,2.7612137203166225,11.938912244698418,9.458448406673758,494.99817561363386,1.5267439001747367,38.26113005495575,230.31452789447118,167674416.0,5086300.556984615,32.9658882957174,1.015670336803628,3.4954733388340125,2.4798030020303843,2.2469083534038097,6.204554076932876,0.42313729781247855,3.6444344997744516,5.439445887314102,9.07783702216309,1.0,1,0,1,19
France,Voulet-Chanoine Expedition,1898,1900,2,Won,Sultanate of Damagaram,Niger,Colonial / Eastern,Offensive,Away,Paris,Zinder,3945,4399.0,40473.0,983.0,3271.073,45.1411276,2.91243356,396981.83800000005,16454108.8,27120254.8,1180.17336,8439984.8,5156366.5,18228887.2,22147977.2,45405.766,1512885.74,4.475076297049847,12.37300420993356,15.499453178942217,336.37586769455635,1.9495424683703222,5.259566945057145,401.4663512118703,178040727.0,3215464.759,55.37013786317165,1.4985234012015531,4.014040420684975,2.5155170194834224,2.7408047445249686,5.8182291885890605,0.667594713440391,1.6600486935232868,5.9951237221832745,8.280204233279974,1.0,1,0,1,19
France,Wadai War,1906,1911,5,Won,Sultanate of Wadai,Chad,Colonial / Eastern,Offensive,Away,Paris,Abéché,4247,4691.0,40942.0,815.0,2607.769,46.6809656,2.93065156,417592.612,16059608.2,26442568.4,1705.9091999999998,23721271.2,1528704.12,19135424.8,21848960.4,47271.606999999996,1564390.56,5.755828220858896,15.700010238636937,15.928528057426249,244.79181658672107,0.6770129671634124,17.297374981889888,404.7974252282137,192058922.0,2125331.735,90.36656199932008,1.7502129450875954,4.503874309584125,2.75366136449653,2.7681117189889894,5.500408121103598,-0.3900648523930107,2.850554754839917,6.003386757350788,8.353968130313271,1.0,1,0,1,20
France,French conquest of Morocco,1907,1912,5,Won,Morocco,Morocco,Colonial / Eastern,Offensive,Away,Paris,Fez,1757,4894.0,40942.0,1099.2093023255813,4924.720930232558,46.8734362,17.657321500000002,420251.45900000003,16009597.9,26360993.8,30006.2686,9170057.0,3900952.5,19249580.6,21810994.8,1220513.06,5682625.6,4.452291287606314,8.313567525960625,2.6546175873843603,14.005455480059258,1.745855876359329,6.757578770825844,15.7717121027775,200370148.0,5413299.057869119,37.01442426476127,1.4934188597559481,3.6113076816679563,2.1178888219120084,0.9763006094364021,2.639446930857927,0.5572449089699052,1.9106646559005025,2.75821796215727,7.471363088187097,1.0,1,0,1,20
France,World War I,1914,1918,4,Won,Germany,Germany,European,Defensive,Home,Paris,Vienna,1033,5158.0,41476.0,4876.0,66096.0,48.2201716,29.981787200000003,427355.32,15250040.2,25099730.8,743462.492,11152856.4,15423301.4,19521870.4,20981794.0,18582547.6,43505451.6,1.0578342904019689,0.6275114984265311,1.6083154509214845,0.5748175928154289,1.3673663188203515,1.6273902810457948,1.0505486556644148,213933208.0,322284096.0,0.6638031806571058,0.05622369584012797,-0.409769588118249,-0.465993283958377,0.4751873274629868,-0.5537025183990416,0.31288649464552704,0.4869776771879862,0.049312556902789885,6.940222469119639,1.0,0,1,0,20
France,Franco-Turkish War in Cilicia,1919,1921,2,Lost,Turkey,Turkey,Colonial / Eastern,Defensive,Away,Paris,Ankara,2597,4481.0,38700.0,865.4,14326.2,49.181826099999995,18.7589441,426264.47,14488131.7,23829056.8,55302.01,9746446.9,14487637.9,19434148.4,20087664.0,2657499.55,11498928.9,5.177952391957477,2.7013443899987433,2.6217800872918,7.707938102068984,1.4865039381684826,1.6447855036465262,7.31294513295402,173414700.0,12397893.48,13.987432645694904,1.6444096869953586,2.6381592583052633,0.9937495713099047,0.9638535097003987,2.0422507201707565,0.39642701274176434,0.4976099827953945,1.9896460835878973,7.862112211662748,0.0,0,0,1,20
France,Rif War,1925,1926,1,Won,Republic of the Rif,Morocco,Colonial / Eastern,Offensive,Away,Paris,Ajdir,1610,6641.0,40610.0,1516.972972972973,6483.665081081081,50.3362185,20.80255,449655.96,14325683.0,23472720.0,36845.1785,10333194.5,4394337.25,20352558.0,20059898.0,1619694.45,6155335.25,4.377797177879134,6.26343271778448,2.419713857195392,12.203929477502735,1.386375045974408,5.341583648364722,12.565677433790059,269691010.0,9835544.693808619,27.420038075752725,1.4765456704530833,3.3112740627456305,1.8347283922925472,0.8836492923492467,2.5017579881997993,0.3266924601043643,1.6755221723700615,2.530969083890821,7.383989457978509,1.0,1,0,1,20
France,Great Syrian Revolt,1925,1927,2,Won,Druze rebels,Syria,Colonial / Eastern,Defensive,Away,Paris,Damascus,3272,6641.0,40610.0,2644.7567567567567,2480.810810810811,50.3362185,21.6478465,449655.96,14325683.0,23472720.0,8494.2924,3452762.6,2589693.9,20352558.0,20059898.0,403455.20499999996,1461637.2,2.5110059679529106,16.369648109815884,2.325229832907398,52.93624693211644,4.149049517623945,9.06389747452392,50.44564488887931,269691010.0,6561141.1541271,41.10428409703677,0.920683456896204,3.7161123520076353,2.7954288951114314,0.8438188870170943,3.969088301428296,1.4228792761129518,2.2042992123779634,3.9208964177786143,8.093156697722637,1.0,0,0,1,20
France,Battle of France,1939,1940,1,Lost,Germany,Germany,European,Defensive,Home,Paris,Berlin,877,7640.0,41900.0,8617.0,69286.0,53.028443599999996,52.1700092,490470.299,13505524.2,22610077.4,1229762.365,11741009.1,14629926.3,21877934.6,19379921.4,36230592.4,33129307.6,0.8866194731345015,0.6047397742689721,1.0164545571903023,0.39883339493805375,1.1502864945398943,1.5454676213919134,0.6038525221574904,320116000.0,597037462.0,0.5361740600458335,-0.1203393930792007,-0.6232964317361162,-0.5029570386569155,0.016320647912636797,-0.9192115058395145,0.1400110370353723,0.43532653212270217,-0.5044252794747577,6.776506992372183,0.0,0,1,0,20
France,Franco-Thai War,1940,1941,1,Lost,Thailand,Thailand,Colonial / Eastern,Defensive,Away,Paris,Bangkok,9442,6443.0,41000.0,1314.5,15513.0,53.220684,14.971188,492381.93,13415514.0,22525584.0,87129.98,182073.19,6460995.5,21943426.0,19287584.0,2323987.5,13199079.0,4.901483453784709,2.642944627086959,3.55487380159811,5.6511195113323796,73.68198470076786,3.48639524667677,9.442144589848267,264163000.0,20391838.5,12.954349358935929,1.5895379049687066,2.56143158959082,0.9718936846221137,1.2683195637778788,1.7318536691291506,4.299758328348213,1.2488683218171932,2.245183135483679,9.152923101106232,0.0,0,0,1,20
France,Indochina War,1946,1954,8,Lost,Việt Minh,Vietnam,Colonial / Eastern,Defensive,Away,Paris,Hanoi,9196,6145.0,40290.0,1060.8918918918919,24698.50681081081,54.3738546,12.3940294,510884.082,13053616.8,22295121.6,79834.68400000001,245269.77000000002,4495482.5,22640096.8,18992068.4,3010758.8,21251656.4,5.792296130232084,1.6312727044035156,4.387100663162861,6.399274806423733,53.22146630626351,4.95945020362108,7.519731172088578,247582050.0,26202445.617425855,9.448814573069711,1.756528781233648,2.24588929163394,0.48936051040029177,1.4786685677067533,1.8561846724491018,3.974461816959994,1.6012948885488223,2.0175303889302834,9.126523885883072,0.0,0,0,1,20
France,Algerian War,1954,1962,8,Lost,FLN,Algeria,Colonial / Eastern,Defensive,Away,Paris,Algiers,1347,9428.0,43822.0,2291.0,9611.093,57.241505,25.080532,560190.2,12853587.0,22194838.0,33695.923,33100828.0,5416065.0,24692332.0,18444778.0,2410115.0,7199390.0,4.115233522479267,4.559523042800647,2.282308246093025,16.624865862852307,0.3883161774684307,4.097963743049613,10.245292029633442,413153816.0,22019014.063,18.763502072249892,1.4146955816025262,2.93191360378124,1.5172180221787135,0.8251873194838784,2.810899518109507,-0.9459353808192131,1.4104902023030967,2.3268182858852433,7.205635176410364,0.0,0,0,1,20
France,Suez Crisis,1956,1956,1,Lost,Egypt,Egypt,Colonial / Eastern,Offensive,Away,Paris,Cairo,3210,10278.0,44657.0,1443.0,24425.817,58.693195,36.6811,585349.1,12928488.0,22312490.0,69542.88,0.0,2254010.8,25805282.0,18161112.0,8866875.0,15305997.0,7.122661122661123,1.828270472999941,1.6000936449561218,8.417096042039098,,9.899016455466851,2.910301769225347,458984646.0,35246453.931,13.022151019745941,1.9632814087783041,2.5666518320247946,0.6033704232464907,0.47006215563060944,2.130264880647778,,2.2924354042725703,1.0682567765715727,8.07402621612406,0.0,1,0,1,20
France,French Intervention in Chad,1968,1984,16,Won,Libya,Libya,Colonial / Eastern,Defensive,Away,Paris,Tripoli,1990,16365.0,51034.0,6071.0,1833.726,70.07937,40.31499,802660.5,13875000.0,19303000.0,12592.8795,10600000.0,2015000.0,35145116.0,15005331.0,764831.8,1132308.1,2.6956020424971174,27.830766428572208,1.7382956066713646,63.7392345412342,1.3089622641509433,9.579652605459057,45.95143141276291,835171410.0,11132550.546,75.02067082911945,0.9916215718048468,4.317763686617487,3.3261421148126398,0.5529050967713789,4.154800299836977,0.2692346585144767,2.259641328847092,3.8275849998456137,7.595889917718538,1.0,0,0,1,20
England/UK,French Invasion of Normandy,1202,1204,2,Lost,France,France,European,Defensive,Away,London,Paris,343,1286.468253968254,2784.568,1342.5740690009698,9934.0,2.200000294,5.69589674,6616.367540000001,3332786.53,8831215.0,44914.8755,26522566.08,12275921.02,100518.0178,4468482.76,596161.4588,9874092.98,0.9582102646489628,0.28030682504529897,0.386243008682071,0.1473090477563497,0.12565852489338014,0.7193932728641814,0.16860871550188847,3582258.333015873,13337130.801455634,0.2685928770095664,-0.04268804216202003,-1.3145585141963594,-1.2718704720343392,-0.9512885514334903,-1.9152225333921244,-2.0741871709479534,-0.3293470988010578,-1.780174541382179,5.8377304471659395,0.0,0,0,0,13
England/UK,Anglo-French War of 1213,1213,1214,1,Lost,France,France,European,Offensive,Away,London,Paris,343,1293.845238095238,2827.292,1346.1147140958997,10121.0,2.200000261,5.67390081,6864.684510000001,3454509.945,8920925.5,47225.18075,26884092.52,12923502.13,104861.7407,4661580.94,626826.4822,10442418.87,0.9611701176331263,0.2793490761782432,0.38774034560537196,0.1453606826057516,0.12849643120481272,0.6902869988539244,0.1672899018751764,3658078.2909047618,13624027.021364601,0.2685019844109472,-0.03960386420782139,-1.3148969743307444,-1.2752931101229228,-0.9474193757386933,-1.9285371589383264,-2.051854147757725,-0.37064782750204117,-1.7880270321943448,5.8377304471659395,0.0,1,0,0,13
England/UK,First Barons' War,1215,1217,2,Won,France,France,European,Defensive,Home,London,Paris,343,1295.186507936508,2835.06,1346.7584677495233,10155.0,2.200000255,5.66990155,6909.833050000001,3476641.475,8937236.5,47645.23625,26949824.6,13041244.15,105651.5085,4696689.7,632401.941,10545750.85,0.9617066006652301,0.27917872968980795,0.3880138368540103,0.14502673496555493,0.12900423385315835,0.6853055120511642,0.16706385867971268,3671931.461190476,13676332.239996409,0.2684880271080224,-0.03904586374849017,-1.3149489578039135,-1.2759030940554235,-0.9467142779998655,-1.930837174484502,-2.047910054591929,-0.3778905371552841,-1.789379152353106,5.8377304471659395,1.0,0,1,0,13
England/UK,Welsh Wars of Edward I,1277,1283,6,Won,Wales,United Kingdom,European,Offensive,Away,London,Caernarfon,335,1222.0,3075.868,1222.0,3075.868,2.200000069,2.200000069,8309.43779,4162718.905,9442877.5,8309.43779,4162718.905,9442877.5,130134.31030000001,5785061.26,130134.31030000001,5785061.26,1.0,1.0,1.0,1.0,1.0,1.0,1.0,3758710.696,3758710.696,1.0,0.0,0.0,0.0,0.0,0.0,0.0,0.0,0.0,5.814130531825066,1.0,1,0,0,13
England/UK,First War of Scottish Independence,1296,1328,32,Lost,Scotland,United Kingdom,European,Offensive,Away,London,Edinburgh,533,1202.0,3149.6639999999998,1202.0,3149.6639999999998,2.2000000120000003,2.2000000120000003,8738.34892,4372968.4399999995,9597832.0,8738.34892,4372968.4399999995,9597832.0,137637.1044,6118594.48,137637.1044,6118594.48,1.0,1.0,1.0,1.0,1.0,1.0,1.0,3785896.1279999996,3785896.1279999996,1.0,0.0,0.0,0.0,0.0,0.0,0.0,0.0,0.0,6.278521424165844,0.0,1,0,0,13
England/UK,Hundred Years' War,1337,1453,116,Lost,France,France,European,Offensive,Away,London,Paris,343,1283.0,3308.908,1446.2878425106817,12229.0,2.310999926,5.721917016,7026.412075,3881507.205,8369131.955,59849.61086,27519979.24,15823580.96,114567.30660000001,4946523.754,794402.86,13208275.629999999,0.887098655114723,0.2705787881265843,0.4038856067883946,0.11740113217170549,0.14104324611401853,0.5289025269410319,0.14421814468291316,4245328.964,17686654.026063126,0.24003007904966453,-0.11979907950372624,-1.4269910341196133,-1.3071919546158872,-0.9066235926298205,-2.1421587279233507,-1.958688725601374,-0.6369511231923064,-1.9364282320686228,5.8377304471659395,0.0,1,0,0,14
England/UK,Battle of Flodden,1513,1513,1,Won,Scotland,United Kingdom,European,Defensive,Home,London,Edinburgh,533,1785.0,4231.64,1785.0,4231.64,2.1,2.1,3957.7435,3958412.826,6433728.33,3957.7435,3958412.826,6433728.33,90504.70719999999,4219243.2190000005,90504.70719999999,4219243.2190000005,1.0,1.0,1.0,1.0,1.0,1.0,1.0,7553477.4,7553477.4,1.0,0.0,0.0,0.0,0.0,0.0,0.0,0.0,0.0,6.278521424165844,1.0,0,1,0,16
England/UK,Rough Wooing,1544,1551,7,Lost,Scotland,United Kingdom,European,Offensive,Away,London,Edinburgh,533,1734.0,4922.32,1734.0,4922.32,2.1,2.1,3957.7435,3724381.488,6968336.04,3957.7435,3724381.488,6968336.04,95719.6636,4462359.572,95719.6636,4462359.572,1.0,1.0,1.0,1.0,1.0,1.0,1.0,8535302.879999999,8535302.879999999,1.0,0.0,0.0,0.0,0.0,0.0,0.0,0.0,0.0,6.278521424165844,0.0,1,0,0,16
England/UK,Anglo-Spanish War of 1585,1585,1604,19,Won,Spain,Spain,European,Defensive,Home,London,Madrid,1263,1396.0,5835.8,1510.1581479701863,8024.0,2.1,16.562499850000002,3957.7435,3414856.17,7675397.85,19910.02065,4354924.85,7193210.675,102616.864,4783900.555,1366412.5,6833587.5,0.9244064946948589,0.7272931206380857,0.1267924539784977,0.19878148644712734,0.7841366470422562,1.0670336511449388,0.07509947691491406,8146776.8,12117508.979312776,0.6723144842647379,-0.0786033747575457,-0.39702906539185057,-0.3184256906343048,-2.06520374996046,-1.6155491156197117,-0.24317197912252983,0.06488250991502723,-2.58894168541721,7.141245122350491,1.0,0,1,0,16
England/UK,Anglo-Spanish War of 1625,1625,1630,5,Lost,Spain,Spain,European,Offensive,Away,London,Madrid,1263,1798.0,6768.75,1097.2786606737652,8372.5,2.1,17.8625,3957.7435,3480182.7750000004,8121281.5,21982.65475,4382188.325,7346469.125,114357.52249999999,5331239.0,1492937.5,6882062.5,1.6385992587297458,0.8084502836667662,0.11756473058082575,0.18003937854685179,0.7941654983529263,1.105467315225394,0.07659900196759743,12170212.5,9186965.586491099,1.324726035536216,0.49384176634523924,0.2812056724261805,-0.2126360939190589,-2.1407661985266087,-1.7145796823137969,-0.23046340324205716,0.10026815527485007,-2.569171231464108,7.141245122350491,0.0,1,0,0,17
England/UK,Anglo-French War of 1627,1627,1629,2,Lost,France,France,European,Offensive,Away,London,Paris,343,1733.0,6816.65,1494.454925130492,19302.17,2.1,6.890425889,3957.7435,3494468.1810000003,8136257.7,87487.854,24431633.26,19342019.62,115094.9059,5365615.12,1331464.04,17976147.24,1.1596201202580123,0.3531545934990729,0.3047707113942663,0.04523763378628535,0.14303047789773513,0.42065192052576356,0.08644236903311335,11813254.45,28846223.022206027,0.4095251721830644,0.14809246894796144,-0.892756907045735,-1.0408493759936963,-1.188195551012864,-3.0958259326766915,-1.9446975392796664,-0.8659495793811794,-2.4482773410425462,5.8377304471659395,0.0,1,0,0,17
England/UK,Bishops' Wars,1639,1640,1,Lost,Scotland,United Kingdom,European,Offensive,Away,London,Edinburgh,533,1640.0,7104.05,1640.0,7104.05,2.1,2.1,3957.7435,3580180.617,8226114.9,3957.7435,3580180.617,8226114.9,119519.20629999999,5571871.84,119519.20629999999,5571871.84,1.0,1.0,1.0,1.0,1.0,1.0,1.0,11650642.0,11650642.0,1.0,0.0,0.0,0.0,0.0,0.0,0.0,0.0,0.0,6.278521424165844,0.0,1,0,0,17
England/UK,Cromwell's Conquest of Ireland,1649,1653,4,Won,Irish Confederates,Ireland,European,Offensive,Away,London,Dublin,463,1508.0,7343.55,1398.0,1453.25,2.1,1.6660000000000001,3957.7435,3651607.647,8300995.9,1684.8135499999999,2334257.336,950851.6446,123206.12329999999,5743752.44,41650.0,1820850.0,1.0786838340486409,5.053191123344228,1.2605042016806722,2.3490691299342887,1.5643552194024248,8.730064197861303,2.9581302112845136,11074073.4,2031643.5,5.450795575109511,0.07574162577414578,1.695761575105849,1.620019949331703,0.23151180098472635,0.8540191347602489,0.4474737387148033,2.16677272353138,1.0845573833618483,6.137727054086234,1.0,1,0,0,17
England/UK,First Anglo-Dutch War,1652,1654,2,Won,Dutch Republic,Netherlands,European,Offensive,Away,London,The Hague,311,1720.0,7415.4,3392.156862745098,1708.0,2.1,28.03200096,3957.7435,3673035.756,8323460.2,12984.35556,2236520.828,320338.26639999996,124312.1984,5795316.62,512400.2256,1268328.08,0.5070520231213873,4.341569086651053,0.07491438099608284,0.30480862001286724,1.6422989269832098,25.983346584034585,0.2426076183991438,12754488.0,5793803.9215686275,2.20140138890769,-0.6791416709480914,0.789094152527138,1.4682358234752295,-2.5914094042711784,-1.1880711746874322,0.4960970449989348,3.257455816804805,-1.4163098798360558,5.739792912179234,1.0,1,0,0,17
England/UK,Anglo-Spanish War of 1654,1654,1660,6,Won,Spain,Spain,European,Offensive,Away,London,Madrid,1263,1903.0,7463.3,1158.1780297667488,8526.2,2.1,18.805,3957.7435,3687321.162,8338436.4,22931.79546,4252019.882,7604336.69,125049.58179999999,5829692.74,1543615.0,6686385.0,1.6430979962409187,0.8753371959372287,0.11167242754586547,0.1725875981627127,0.8671928317196894,1.096536981452356,0.08101086203489859,14202659.9,9874857.517397255,1.4382647926796048,0.49658348197573765,0.3634373819019107,-0.13314610007382693,-2.1921854471929225,-1.7568503559693307,-0.1424939143368121,0.09215701512180377,-2.513172034103913,7.141245122350491,1.0,1,0,0,17
England/UK,Second Anglo-Dutch War,1665,1667,2,Lost,Dutch Republic,Netherlands,European,Offensive,Away,London,The Hague,311,1907.0,7726.75,3265.597147950089,1760.0,2.1,29.5400007,3957.7435,3765890.895,8420805.5,13941.9652,2302949.3850000002,329711.633,129105.1905,6018761.4,555625.1645,1284489.225,0.5839667030567686,4.390198863636364,0.07109004570876669,0.28387271401308617,1.6352469227194932,25.539910203896266,0.2323602290695025,14734912.25,5747450.980392157,2.563729956161299,-0.5379113130930973,0.9414632122017992,1.4793745252948967,-2.6438079560705385,-1.2592293313828986,0.49179381601640737,3.240242334697518,-1.459466400019496,5.739792912179234,0.0,1,0,0,17
England/UK,Third Anglo-Dutch War,1672,1674,2,Indecisive,Dutch Republic,Netherlands,European,Offensive,Away,London,The Hague,311,1860.0,7894.4,2923.351158645276,1788.0,2.1,30.35200056,3957.7435,3815889.816,8473222.2,14457.60116,2338718.608,334758.8304,131686.0324,6139077.82,578900.1316,1293191.38,0.6362560975609757,4.415212527964206,0.06918819060538393,0.2737482834254642,1.6316156218824596,25.311422524315283,0.2274762523132237,14683584.0,5226951.871657753,2.809205892944836,-0.4521541275704378,1.0329018430311403,1.4850559706015782,-2.6709250869134653,-1.2955462684629984,0.48957070299404004,3.231255777020129,-1.4807094314760503,5.739792912179234,,1,0,0,17
England/UK,Nine Years' War,1688,1697,9,Indecisive,France,France,European,Defensive,Away,London,Paris,343,2333.0,8277.6,1941.8349109790838,21114.48,2.1,6.981932415999999,3957.7435,3930173.0640000002,8593031.8,87487.854,26802421.44,20765885.28,137585.0996,6414086.78,1505260.36,20045762.56,1.201440960201755,0.3920342816872592,0.300776328797967,0.04523763378628535,0.1466349998561921,0.4138052235257268,0.09140285843971868,19311640.8,41000834.391169645,0.471006043822346,0.18352163657819567,-0.7528843531534698,-0.9364059897316656,-1.2013883841586945,-3.0958259326766915,-1.9198087741212924,-0.8823598904402498,-2.392478527053518,5.8377304471659395,,0,0,0,17
England/UK,War of the Spanish Succession,1701,1714,13,Won,France,France,European,Offensive,Away,London,Paris,343,2613.0,8670.616666666667,1776.4617571071435,21552.491666666665,2.52199997,7.19260623,4493.83469,4045534.0,8681622.8,87487.854,27129599.4,21088439.0,173639.322,6637650.15,1587183.31,20465214.6,1.4709013518282017,0.402302286007921,0.3506378480001956,0.05136524082531501,0.14911882554373435,0.4116768813471685,0.10940092483709395,22656321.35,38287177.216203734,0.5917469763326269,0.3858753773910768,-0.524676140305151,-0.9105515176962278,-1.0480013602387068,-2.9687935838149233,-1.9030118039896697,-0.887516505906933,-2.2127359353088374,5.8377304471659395,1.0,1,0,0,18
England/UK,War of the Quadruple Alliance,1718,1720,2,Won,Spain,Spain,European,Offensive,Away,London,Madrid,1263,2606.0,10466.1,1149.1208533780512,9284.95,9.69599994,20.6960016,15022.415079999999,4550022.1,8614747.0,28913.4896,4623769.2,8412704.6,744967.1640000001,6903720.4,1909971.8399999999,7318301.9,2.2678206494462145,1.1272112396943441,0.4684962886744269,0.5195642341282803,0.9840504366005118,1.0240163430913765,0.3900409149487776,27274656.6,10669529.667572537,2.5563129256666994,0.8188193040111996,0.9385659569037271,0.11974665289252777,-0.7582270990545101,-0.6547648300261866,-0.016078126535626562,0.02373248654012812,-0.9415036352360565,7.141245122350491,1.0,1,0,0,18
England/UK,War of the Austrian Succession,1740,1748,8,Indecisive,France,France,European,Offensive,Away,London,Paris,343,2526.0,12789.666666666666,1667.4412016560752,24730.666666666668,18.980001,14.706773,33146.402,5202298.5,8433438.0,122003.2,20999220.0,22676856.0,1663587.2,7101361.0,3587618.8,20806714.0,1.514895996027457,0.5171581841708001,1.2905619064087004,0.27168469351623564,0.24773770168606263,0.37189626286818595,0.46370233091653995,32306698.0,41236932.544422515,0.7834408625131752,0.4153467871180216,-0.24405969863946878,-0.6594064857574904,0.25507770989671413,-1.3031131001093983,-1.3953847470200387,-0.9891403268561435,-0.7685124608202589,5.8377304471659395,,1,0,0,18
England/UK,Seven Years' War,1756,1763,7,Won,France,France,European,Offensive,Away,London,Paris,343,2643.0,14479.533333333333,1971.736703475734,26034.533333333333,23.8599996,17.7894366,45655.642,5606765.2,8369663.4,138610.966,18899332.8,23273374.8,2294157.3200000003,7315000.6,4510641.1,20830102.8,1.3404426642466907,0.5561664251071653,1.3412453770458364,0.3293797259879136,0.2966647161216189,0.3596239682437461,0.5086100332832955,38269406.6,51333244.93119578,0.7455092046352063,0.29299990586319863,-0.2936877979250538,-0.5866877037882525,0.2935985682062897,-1.110544011439045,-1.2151526798166234,-1.0226963260926536,-0.67607369893094,5.8377304471659395,1.0,1,0,0,18
England/UK,First Anglo-Mysore War,1767,1769,2,Indecisive,Kingdom of Mysore,India,Colonial / Eastern,Offensive,Away,London,Seringapatam,8019,2891.0,15641.316666666666,1056.3333333333333,189566.66666666666,25.070001400000002,13.3299997,50982.999800000005,5745283.35,8261637.5,494391.534,3261218.29,60892899.2,2560173.96,7646874.55,25267136.4,164289551.0,2.7368254970022092,0.08251090205732373,1.880720327398057,0.10312272013945936,1.7616984939698714,0.13567489163005725,0.10132426245183843,45219046.48333333,200245588.88888887,0.22581794053113557,1.006798670993535,-1.4880261772291217,-2.4948248482226565,0.6316548563288478,-2.2718355423102476,0.5662783970773853,-1.9974937577795713,-2.289429385528667,8.989569004807029,,1,0,1,18
England/UK,First Anglo-Maratha War,1775,1782,7,Indecisive,Maratha Confederacy,India,Colonial / Eastern,Offensive,Away,London,Pune,7306,2895.0,16486.25,1050.8431372549019,192500.0,25.950000000000003,13.25,55133.747,5832679.75,8238260.0,499025.95499999996,3311682.1,64539906.0,2766140.6,7887385.0,25503991.0,166985875.0,2.754930681245685,0.08564285714285715,1.958490566037736,0.11048272429036282,1.76124385550171,0.12764598696502594,0.10845912704407715,47727693.75,202287303.9215686,0.23594013477239834,1.0133922812159861,-1.4441771723538952,-2.4575694535698815,0.6721740571796665,-2.202896111510584,0.5660202955102372,-2.058494573587287,-2.221381886245563,8.896451207355227,,1,0,1,18
England/UK,American Revolutionary War,1775,1783,8,Lost,United States,United States,European,Defensive,Away,London,Philadelphia,5700,2895.0,16486.25,2419.0,6613.125,25.950000000000003,4.281481149999999,55133.747,5832679.75,8238260.0,36607.592,12054763.0,6872306.75,2766140.6,7887385.0,183379.385,4086593.9,1.1967755270773046,2.49295907759191,6.060986628424139,1.5060741225481318,0.48384856259720743,1.1987619731904429,15.084250609740021,47727693.75,15997149.375,2.9835124140672096,0.17963087939706832,1.093101268878737,0.9134703894816685,1.8018725968000981,0.40950634632597804,-0.7259833084207692,0.18128933522856516,2.7136511935341505,8.648221453822641,0.0,0,0,0,18
England/UK,Second Anglo-Mysore War,1780,1784,4,Indecisive,Kingdom of Mysore,India,Colonial / Eastern,Defensive,Away,London,Seringapatam,8019,3049.0,17014.333333333332,1047.4117647058824,194333.33333333334,26.499998,13.2,57795.374,5883623.0,8250296.0,501895.56,3343222.0,66880732.0,2897900.2,8037572.5,25650650.0,168672450.0,2.9109850612153205,0.08755231560891938,2.0075756060606063,0.11515418466742365,1.7598660812832652,0.12335833884114786,0.11297570237011538,51876702.33333333,203547019.60784316,0.2548634828123732,1.0684915329108544,-1.367027238700962,-2.4355187716118163,0.6969278279281504,-2.161483312364701,0.5652377159750929,-2.092661835201787,-2.18058250666393,8.989569004807029,,0,0,1,18
England/UK,Third Anglo-Mysore War,1790,1792,2,Won,Kingdom of Mysore,India,Colonial / Eastern,Offensive,Away,London,Seringapatam,8019,3072.0,18070.5,1040.549019607843,198000.0,27.599998,13.099999,63510.27,5676875.0,8128365.5,507491.29999999993,3406301.5,71914770.0,3178731.0,8338410.5,25936634.0,172052940.0,2.9522876309640464,0.09126515151515152,2.106870237165667,0.12514553451458182,1.6665803071160905,0.11302776189091615,0.12255757628379997,55512576.0,206028705.88235292,0.26944097795624145,1.0825803379550814,-1.3114059183465738,-2.393986256301655,0.7452035463881085,-2.0782779428070044,0.5107738066931636,-2.180121809993711,-2.0991743489376833,8.989569004807029,1.0,1,0,1,18
England/UK,War of the First Coalition,1793,1797,4,Lost,France,France,European,Offensive,Away,London,Paris,343,3051.0,18387.35,1601.7513197255046,29049.725,27.929998599999998,24.9178109,65353.445999999996,5602519.25,8095500.8,174397.496,17104593.4,24519585.2,3268580.55,8429198.45,6848223.8,20625662.4,1.9047900647416705,0.6329612414575353,1.1208849249273338,0.3747384423455254,0.32754471965407844,0.33016467179061415,0.4772888044342242,56099804.849999994,46530435.356412984,1.2056582840948666,0.6443718002706083,0.18702571163311413,-0.457346088637494,0.1141184848754595,-0.9815269834476033,-1.1161306846666652,-1.1081637435573122,-0.7396335112809496,5.8377304471659395,0.0,1,0,0,18
England/UK,War of the Second Coalition,1798,1802,4,Won,France,France,European,Offensive,Away,London,Paris,343,3161.0,18915.433333333334,1706.167550679424,29457.183333333334,28.4799996,25.881062399999998,68425.406,5478593.0,8040726.3,179484.656,16822632.4,24671887.2,3418329.8,8580511.7,7186924.3,20575256.4,1.852690258199576,0.6421331299496275,1.100418489775752,0.3812326219128169,0.3256679971203556,0.32590641464995024,0.4756318081714037,59791684.76666667,50258890.33774809,1.1896737943248772,0.6166387763960158,0.17367914712895138,-0.44295962926706456,0.09569055270406399,-0.9643455339674217,-1.1218768302923015,-1.1211450104542957,-0.7431112363106229,5.8377304471659395,1.0,1,0,0,18
England/UK,Fourth Anglo-Mysore War,1799,1799,1,Won,Kingdom of Mysore,India,Colonial / Eastern,Offensive,Away,London,Seringapatam,8019,3207.0,19021.05,1034.372549019608,201300.0,28.5899998,13.0099999,69039.798,5453807.75,8029771.4,512398.32499999995,3463072.8699999996,76786410.6,3448279.65,8610774.35,26187420.8,175101987.0,3.100430307281102,0.09449105812220567,2.197540355092547,0.13473853178579379,1.5748463733597384,0.10457281877426369,0.1316769481170135,61000507.349999994,208219194.11764708,0.29296294036914655,1.131540910658406,-1.2277091613465196,-2.3592500720049254,0.7873387145007487,-2.0044191801559137,0.454157726796215,-2.2578716198751003,-2.0274037188330936,8.989569004807029,1.0,1,0,1,18
England/UK,Second Anglo-Maratha War,1803,1805,2,Won,Maratha Confederacy,India,Colonial / Eastern,Offensive,Away,London,Pune,7306,3252.0,19443.516666666666,1023.0,202766.6666666667,29.705618899999997,13.0,72259.948,5224016.75,7953189.55,515741.425,3488304.71,79073813.8,3605075.71,8529704.75,26358278.6,176397719.0,3.1788856304985336,0.09589108992273548,2.2850476076923076,0.14010886947853762,1.497580396295139,0.10057930897472407,0.13677204663888787,63230316.199999996,207430300.00000003,0.3048268078482265,1.1565307047160747,-1.1880115067792578,-2.3445422114953325,0.8263868590054084,-1.9653355194450706,0.40385073657481163,-2.2968087186663335,-1.9894396321084553,8.896451207355227,1.0,1,0,1,19
England/UK,Caribbean Campaign,1803,1810,7,Won,France,France,European,Offensive,Away,London,Paris,343,3252.0,19443.516666666666,1737.1416122010803,29864.641666666666,29.705618899999997,26.8443154,72259.948,5224016.75,7953189.55,187656.311,16891306.6,25115362.6,3605075.71,8529704.75,7651477.65,20821753.8,1.8720408153020338,0.6510547450622349,1.1065888050175419,0.3850653762451933,0.30927250766971454,0.3166663239813229,0.47116071887107974,63230316.199999996,51879111.77264089,1.2188010557525641,0.6270291808636755,0.19786763435201857,-0.4291615465116571,0.1012821348732641,-0.9543421506810986,-1.173532488887604,-1.1499066652204892,-0.7525560141454557,5.8377304471659395,1.0,1,0,0,19
England/UK,War of the Third Coalition,1805,1805,1,Indecisive,France,France,European,Offensive,Away,London,Paris,343,3347.0,19654.75,1891.73696437215,30027.625,30.376031499999996,27.229616999999998,73997.12,5087346.25,7909438.25,191747.505,17012279.0,25370399.0,3689639.85,8455483.25,7870859.75,20999527.0,1.7692734576928026,0.6545555967213524,1.1155511845796435,0.3859091673709131,0.2990396671721643,0.31175852811774857,0.4687721503359274,65784448.25,56804368.16480528,1.158087843863363,0.5705689864376805,0.14677023453222862,-0.4237987519054519,0.10934861871418874,-0.9521532549007936,-1.2071790482631832,-1.1655263391658415,-0.7576384487639755,5.8377304471659395,,1,0,0,19
England/UK,Peninsular War,1808,1814,6,Won,France,France,European,Offensive,Away,London,Paris,343,3250.0,19971.6,2022.1609462729605,30272.1,31.381650399999998,27.8075694,76602.878,4882340.5,7843811.3,197884.296,17193737.6,25752953.6,3816486.06,8344151.0,8199932.9,21266186.8,1.6071915571260866,0.6597361927319214,1.1285290687793805,0.38710943489927063,0.2839603938122215,0.3045790949586458,0.4654289378392352,64907699.99999999,61215058.381669685,1.0603224388892527,0.4744882813478003,0.058573049499668746,-0.4159152318481315,0.1209150757202906,-0.9490478484088866,-1.2589205089538298,-1.188824472003529,-0.7647958516214277,5.8377304471659395,1.0,1,0,0,19
England/UK,War of 1812,1812,1815,3,Indecisive,United States,United States,European,Defensive,Away,London,Washington,5897,3207.0,20394.066666666666,2731.9,9382.266666666666,32.7224764,7.27999976,84628.508,4890094.2,7816171.8,125777.632,21031186.0,16020059.2,4210614.66,8604269.0,630061.2520000001,8029951.8,1.1739082689703138,2.173682265834837,4.494845807522389,0.6728422745309754,0.2325163307480615,0.4878990584504207,6.682865589074504,65403771.8,25631414.30666667,2.5517035859776427,0.16033858289347197,0.9367612090413642,0.7764226261478923,1.5029313642256277,-0.39624433857117236,-1.458794816644815,-0.7176467419625341,1.899546875963143,8.682199026000504,,0,0,0,19
England/UK,War of the Sixth Coalition,1813,1814,1,Won,France,France,European,Offensive,Away,London,Paris,343,3328.0,20499.683333333334,1858.4980509565842,30679.558333333334,33.0576831,28.7708051,87772.737,4962306.3,7824227.7,208125.043,17429722.8,26329824.6,4365396.890000001,8771438.75,8748570.1,21634853.0,1.7906932957433295,0.6681870420233669,1.1490009746025494,0.4217307813361028,0.2847036844441381,0.2971621656758017,0.49898404426113024,68222946.13333334,57017899.36670883,1.1965180564538094,0.5826028609228873,0.17941571931285613,-0.4031871416100311,0.1388928470843175,-0.8633881274476936,-1.2563063432850885,-1.2134772768135196,-0.69518115917044,5.8377304471659395,1.0,1,0,0,19
England/UK,Anglo-Nepalese War,1814,1816,2,Won,Kingdom of Nepal,Nepal,Colonial / Eastern,Offensive,Away,London,Kathmandu,7331,3204.0,20605.3,641.0,3881.0,33.3928898,0.74487374,90916.966,5034518.4,7832283.6,474.517468,982121.86,816876.88,4520179.12,8938608.5,28592.4742,3808357.58,4.998439937597504,5.309275959804174,44.83026854994244,191.59877587477982,5.126164689990711,9.588083335153273,158.08982071233277,66019381.199999996,2487721.0,26.538096997211504,1.60912585126758,3.278581323138521,1.6694554718709411,3.8028835485563306,5.255403476553823,1.6343577557891595,2.2605210081440106,5.063163357021381,8.899867211223587,1.0,1,0,1,19
England/UK,Waterloo Campaign,1815,1815,1,Won,France,France,European,Offensive,Away,London,Paris,343,3489.0,20710.916666666664,1786.348619458091,30842.541666666664,33.7280965,29.156094500000002,94061.195,5106730.5,7840339.5,212224.745,17506398.0,26544381.0,4674961.35,9105778.25,8968073.5,21762115.0,1.9531461899404763,0.6715048613859914,1.1568111943113641,0.4432150218863498,0.29170652352357124,0.2953672003125633,0.5212893661052176,72260388.24999999,55095531.72682864,1.3115471615425567,0.6694415031333004,0.2712074796801954,-0.398234023453105,0.14566724933903075,-0.8137002499755555,-1.2320070385478616,-1.219535949875126,-0.6514499862167921,5.8377304471659395,1.0,1,0,0,19
England/UK,Third Anglo-Maratha War,1817,1818,1,Won,Maratha Confederacy,India,Colonial / Eastern,Offensive,Away,London,Pune,7306,3253.0,20922.15,955.4,207900.0,34.3985099,12.2999993,100349.65299999999,5251154.7,7856451.3,493599.76,3528446.49,87528992.0,4984525.8100000005,9440117.75,25226671.2,179862530.0,3.4048566045635336,0.10063564213564215,2.7966269802958443,0.20330166489546103,1.4882341888653665,0.08975827460688682,0.19758951827143967,68059753.95,198627660.0,0.34264993078003336,1.22520282551749,-1.071045962963944,-2.2962487884814338,1.0284140411128841,-1.5930643690283877,0.39759030901734754,-2.4106350596865433,-1.6215635402603372,8.896451207355227,1.0,1,0,1,19
England/UK,First Anglo-Burmese War,1824,1826,2,Won,Burma,Myanmar,Colonial / Eastern,Offensive,Away,London,Amarapura,8533,3492.0,22407.0,803.0,3562.8,36.744958000000004,5.1423966,121220.10399999999,5509318.8,7860328.6,9614.05364,50410.26,2612971.56,6006286.1,10290013.8,358363.736,6601636.3,4.348692403486924,6.2891545975075775,7.145492823326775,12.608636121568383,109.289632705723,3.008195236537515,16.76030662879349,78245244.0,2860928.4000000004,27.349598822536066,1.4698752030127311,3.308701860480193,1.8388266574674619,1.9664817835765707,2.534381985647372,4.694001538952063,1.101340309745107,2.819013390160655,9.051696278536586,1.0,1,0,1,19
England/UK,First Anglo-Ashanti War,1824,1831,7,Indecisive,Ashanti Empire,Ghana,Colonial / Eastern,Offensive,Away,London,Kumasi,4985,3492.0,22407.0,1042.2032085561502,1579.0,36.744958000000004,4.91344768,121220.10399999999,5509318.8,7860328.6,8122.7798,3223213.4,1270910.44,6006286.1,10290013.8,125912.064,2435813.3200000003,3.3505941752355133,14.190626979100697,7.478446987350439,14.92347533537718,1.7092628120744349,6.1848013460334785,47.70222891430006,78245244.0,1645638.8663101613,47.54703209911472,1.2091376958514757,3.8617193706210102,2.652581674769534,2.0120251484179787,2.7029354989768737,0.5360621735124638,1.8220948866598368,3.8649781245656913,8.514188682395938,,1,0,1,19
England/UK,First Anglo-Afghan War,1839,1842,3,Lost,Afghanistan,Afghanistan,Colonial / Eastern,Offensive,Away,London,Kabul,5707,3881.0,26483.0,1156.0,3632.26,41.773054,1.65086714,177551.788,6496976.1,8132907.7,1321.079015,11825671.5,3832682.07,8745525.35,12164162.7,58773.5429,3499484.33,3.3572664359861593,7.291052953257751,25.303704330803996,134.3990677196549,0.5493959560774202,2.121988610445844,148.80037715065157,102780523.0,4198892.5600000005,24.478007362970008,1.2111270821365836,3.197775055759595,1.9866479736230118,3.2309508012529755,4.90081349145528,-0.5989358659643249,0.7523536728097358,5.002605657010373,8.649448770536708,0.0,1,0,1,19
England/UK,First Opium War,1839,1842,3,Won,China,China,Colonial / Eastern,Offensive,Away,London,Beijing,8140,3881.0,26483.0,848.7,411699.0,41.773054,6.11386995,177551.788,6496976.1,8132907.7,719987.1749999999,278474538.0,84224340.0,8745525.35,12164162.7,24984065.0,383641576.0,4.572876163544244,0.06432612175399989,6.832506144492001,0.2466040981910546,0.023330592975074796,0.09656243907640001,0.35004413212981955,102780523.0,349408941.3,0.29415538886211096,1.520142364393275,-1.2236471177235189,-2.743789482116794,1.9216915381233042,-1.3999710696103622,-3.7579897764233317,-2.3375654428142845,-1.049696040648096,9.004545458996587,1.0,1,0,1,19
England/UK,First Anglo-Sikh War,1845,1846,1,Won,Sikh Empire,India,Colonial / Eastern,Defensive,Away,London,Lahore,6286,4387.0,28040.0,945.3333333333334,231106.0,43.784293500000004,10.999999500000001,194515.485,5843826.0,8059309.0,477790.80000000005,3819186.6,107262440.0,9554280.0,12246695.0,24418714.0,197569600.0,4.640691114245416,0.12132960632783225,3.980390499108659,0.4071143374882898,1.530123194294827,0.07513635714421563,0.3912687621469337,123011480.0,218472205.33333334,0.5630532259804655,1.5348633021823055,-0.5743811153812853,-2.1092444175635907,1.3813799298372842,-0.8986612055026251,0.42534825130979736,-2.588450720924306,-0.9383605839083885,8.746080217357513,1.0,0,0,1,19
England/UK,New Zealand Wars,1845,1872,27,Won,Māori tribes,New Zealand,Colonial / Eastern,Offensive,Away,London,Auckland,18335,4387.0,28040.0,1657.6666666666665,80.0,43.784293500000004,32.416666,194515.485,5843826.0,8059309.0,4460.3147,843894.5999999999,26362.4245,9554280.0,12246695.0,95022.908,197355.265,2.6464910516790674,350.5,1.3506723208364488,43.61026028051339,6.924829238153675,305.71198032259895,100.54712280537657,123011480.0,132613.3333333333,927.5951136135131,0.9732346311195853,6.83259533759423,5.859360706474645,0.3006024839162153,3.7752924502045184,1.9351133930189983,5.722643417931306,4.610626501243136,9.816567080505427,1.0,1,0,1,19
England/UK,Second Anglo-Sikh War,1848,1849,1,Won,Sikh Empire,India,Colonial / Eastern,Offensive,Away,London,Lahore,6286,4361.0,27683.0,946.3333333333334,233911.0,44.7899136,10.999999200000001,202082.03399999999,5390244.9,7994948.8,490704.06,3922407.84,109596644.0,9912658.2,12206109.8,25078679.2,202909324.0,4.608312786192321,0.1183484316684551,4.071810623404408,0.4118205869338028,1.374218367868651,0.07294884686432551,0.39526237091465327,120725563.0,221357776.33333334,0.5453865908835498,1.527861800037905,-0.6062603947116282,-2.134122194749533,1.4040877711442434,-0.8871674930838748,0.31788510975215306,-2.617996811344234,-0.9282055044205534,8.746080217357513,1.0,1,0,1,19
England/UK,Second Anglo-Burmese War,1852,1853,1,Won,Burma,Myanmar,Colonial / Eastern,Offensive,Away,London,Amarapura,8533,4626.0,27076.0,803.0,3963.3,46.1307396,6.6320608000000005,214619.104,4925689.6,7782051.4,14578.005,61336.310000000005,3070988.44,10506662.6,12244717.4,543395.1,7636604.7,5.760896637608966,6.8316806701486135,6.955717233472889,14.722117601139525,80.30625904949285,2.5340542799307966,19.335217781684083,125253576.0,3182529.9000000004,39.35660620187731,1.7510931288446228,3.6726638439207027,1.9215707150760801,1.9395639449286954,2.6893509617271145,4.385847563736927,0.9298205023209872,2.961928188594693,9.051696278536586,1.0,1,0,1,19
England/UK,Crimean War,1853,1856,3,Won,Russia,Russia,European,Offensive,Away,London,St. Petersburg,2099,4734.0,27248.0,754.4524815738736,101936.816,46.4659459,5.09722572,218365.456,4844605.65,7697056.1,129795.338,26667743.2,65129251.0,10684205.4,12277549.6,2841170.08,52514552.2,6.274749060569512,0.2673028359057242,9.115928634998726,1.6823828911328078,0.1816653780436884,0.11818124700988807,3.760494831059181,128992032.0,76906483.79493934,1.6772582184870093,1.8365334938707243,0.5171604474262049,-1.3193730464445192,2.210023282809434,0.5202111760327286,-1.7055888663496555,-2.1355358413358134,1.3245505527478572,7.649216319820633,1.0,1,0,0,19
England/UK,Second Opium War,1856,1860,4,Won,China,China,Colonial / Eastern,Offensive,Away,London,Beijing,8140,5013.0,27978.0,884.1,390628.0,47.4715648,6.2179395600000005,229604.512,4601353.8,7442070.2,761220.61,289508168.0,84675773.6,11216833.8,12376046.2,26414893.6,398419878.0,5.670173057346454,0.07162312993436211,7.634613418468159,0.3016267675674204,0.015893692505421816,0.08788901339308225,0.424640506596627,140253714.0,345354214.8,0.40611554163664426,1.7352196388517447,-0.9011175745551915,-2.636337213406936,2.032692304575111,-1.198564894905184,-4.14183294623354,-2.4316804719426792,-0.8565123348363991,9.004545458996587,1.0,1,0,1,19
England/UK,Indian Rebellion of 1857,1857,1858,1,Won,Indian rebels,India,Colonial / Eastern,Defensive,Away,London,Delhi,6713,5019.0,28186.0,916.4,241683.0,47.8067711,10.2999997,233350.864,4520269.85,7357074.9,483973.492,4135731.75,112273564.0,11394376.6,12408878.4,24734698.0,215652643.0,5.476865997381056,0.11662384197481826,4.641434222566045,0.48215629132018656,1.0929794588345823,0.0655281139912865,0.4606636636517656,141465534.0,221478301.2,0.6387331545958237,1.700533039075593,-0.4482685102647043,-2.1488015493402974,1.535023418167654,-0.7294869616400942,0.08890741563681767,-2.7252760071890023,-0.7750870821895401,8.811801223938751,1.0,0,0,1,19
England/UK,Anglo-Abyssinian War,1868,1868,1,Won,Ethiopian Empire,Ethiopia,Colonial / Eastern,Offensive,Away,London,Gondar,5482,5636.0,30845.0,622.0,9597.52646723462,51.494038,2.21991288,283666.184,5336169.6,8008177.0,4850.672619999999,8419356.4,4288832.44,13769867.4,12941192.6,190557.196,8376928.8,9.061093247588424,3.213848912561271,23.19642291547946,58.479762750923406,0.633797804307227,1.8672161041572422,72.26107273324908,173842420.0,5969661.462619934,29.12098468037833,2.2039897802793913,3.3714590373302173,1.1674692570508258,3.1439980821069753,4.068680758506539,-0.4560252960619786,0.6244486072758375,4.280285571073584,8.60922527686273,1.0,1,0,1,19
England/UK,Third Anglo-Ashanti War,1873,1874,1,Won,Ashanti Empire,Ghana,Colonial / Eastern,Offensive,Away,London,Kumasi,4985,5842.0,32177.0,1042.2032085561502,1611.3720930232557,53.170071,7.67231256,311805.381,5851929.1,8203391.0,13867.9981,3548197.4,1397198.44,15091249.7,13245118.6,216187.728,2600183.7,5.6054327524988175,19.96869632986477,6.930123164846663,22.483806152237644,1.6492681889682912,5.8713141706628305,69.80622739140863,187978034.0,1679377.1655266765,111.93318443212691,1.7237362618396692,4.717902125707563,2.994165863867894,1.9358775857490254,3.1127953235156514,0.5003316676901882,1.7700784879417208,4.245723223430627,8.514188682395938,1.0,1,0,1,19
England/UK,Anglo-Perak War,1875,1876,1,Won,Perak Sultanate,Malaysia,Colonial / Eastern,Offensive,Away,London,Kuala Kangsar,10351,5950.0,32839.0,1015.4571694599629,996.25,53.840485,10.302284499999999,324052.135,6019243.5,8182519.0,14639.1615,62992.652,553568.9,15665027.5,13375433.0,180992.405,1569007.55,5.859429800632862,32.96260978670013,5.226072430828328,22.135976503845523,95.55469263303917,14.781392162746137,86.55074504369396,195392050.0,1011649.205074488,193.14209809082314,1.768052295208345,5.263426177536739,3.495373882328394,1.653660026709289,3.097204181038702,4.559698781286084,2.693369103421593,4.460730889831198,9.24483841238375,1.0,1,0,1,19
England/UK,Second Anglo-Afghan War,1878,1880,2,Won,Afghanistan,Afghanistan,Colonial / Eastern,Offensive,Away,London,Kabul,5707,5879.0,33932.0,1156.0,4490.3488372093025,54.846106,2.61465824,342422.266,6270215.1,8151211.0,2616.6482,14795005.2,4548097.5,16525694.2,13570904.6,116412.19,4330427.84,5.085640138408304,7.556651215785793,20.976395752586008,130.86293602632557,0.42380621130163576,1.7922243311626456,141.95845125841203,199486228.0,5190843.2558139535,38.430408734952145,1.626420909169932,3.648849040350329,2.022428131180397,3.0433977937668026,4.874150485582423,-0.8584789770457224,0.5834574915183589,4.955534418014727,8.649448770536708,1.0,1,0,1,19
England/UK,Anglo-Zulu War,1879,1879,1,Won,Zulu Kingdom,South Africa,Colonial / Eastern,Offensive,Away,London,Ulundi,9396,5786.0,34304.0,1985.0,3301.7441860465115,55.181313,14.138694899999999,348545.64300000004,6353872.3,8140775.0,15786.8004,11186467.5,1555338.3939999999,16812583.1,13636061.8,324438.332,1966048.74,2.914861460957179,10.389660151435113,3.9028576109949165,22.078295422041318,0.5679963134027788,5.234086055744857,51.82058173076787,198482944.0,6553962.209302325,30.28441996786074,1.0698222924147895,3.410633387793193,2.340811095378403,1.3617090055947219,3.094595018340106,-0.5656403507701145,1.6551922456512125,3.9477874010602982,9.148039345778804,1.0,1,0,1,19
England/UK,First Boer War,1880,1881,1,Lost,South African Republic,South Africa,European,Offensive,Away,London,Pretoria,9026,5997.0,34623.0,2294.0,3385.604651162791,55.51652,14.193995,354669.02,6437529.5,8130339.0,16606.78,11768689.0,1636289.0,17099472.0,13701219.0,342032.72,2067667.2,2.614210985178727,10.226533682279968,3.9112681102113958,21.356880743888944,0.547004810816226,4.968767130989697,49.99367311992842,207634131.0,7766577.0697674425,26.734316692516547,0.9609623254791937,3.2859480095371913,2.3249856840579977,1.3638616462775845,3.061373970838728,-0.6032976816879972,1.6031717471609157,3.9118964598201567,9.107864580386947,0.0,1,0,0,19
England/UK,Mahdist War,1881,1899,18,Won,Mahdist Sudan,Sudan,Colonial / Eastern,Offensive,Away,London,Omdurman,4923,6146.0,34935.0,1309.0,5705.206832022173,55.851726,4.02678912,361131.185,6519349.6,8119849.65,9973.1307,30282477.8,5254408.35,17398452.4,13734732.5,208545.945,4969299.55,4.695187165775401,6.123353811454635,13.87003995878483,36.210413345931585,0.21528454979995063,1.5453404282900853,83.42743082345714,214710510.0,7468115.743117025,28.750292227043687,1.54653797678053,3.358647931610613,1.812109954830083,2.629731115273191,3.5893467389549145,-1.5357946384503651,0.4352442280133202,4.423977162042812,8.5016733797582,1.0,1,0,1,19
England/UK,Anglo-Egyptian War,1882,1882,1,Won,Egypt,Egypt,Colonial / Eastern,Offensive,Away,London,Cairo,3512,6269.0,35206.0,1328.6744186046512,8470.860465116279,56.186932,17.8763188,367593.35,6601169.7,8109360.3,30169.3102,0.0,613822.7799999999,17697432.8,13768246.0,1239569.44,5657261.9,4.718236395778272,4.156130318163225,3.143092972810487,12.184347191338832,,13.211240384398899,14.277080596630393,220706414.0,11255015.603569496,19.609605332755255,1.5514350848125613,2.9760195141900856,1.4245844293775243,1.1452073382912191,2.500152110864709,,2.5810680115068396,2.658655495998853,8.163940954755008,1.0,1,0,1,19
England/UK,Fourth Anglo-Ashanti War,1895,1900,5,Won,Ashanti Empire,Ghana,Colonial / Eastern,Offensive,Away,London,Kumasi,4985,6996.0,39221.0,1121.8823529411766,1848.7674418604652,60.5446185,9.373727500000001,457979.19499999995,7735949.25,7972557.25,16784.860500000003,3783902.75,1489128.95,21864845.0,14195210.5,281590.04000000004,2720132.2,6.23594798657718,21.21467476760129,6.4589693374380674,27.285254768724464,2.0444365939373044,5.353839403901187,77.64779251425227,274390116.0,2074099.5677154586,132.293608402913,1.8303306103296324,4.885023758562441,3.0546931482328086,1.8654697597775822,3.3063464379127065,0.7151222473493773,1.6778139491124595,4.352183120526747,8.514188682395938,1.0,1,0,1,19
England/UK,Second Boer War,1899,1902,3,Won,South African Republic,South Africa,European,Offensive,Away,London,Pretoria,9026,7729.0,40773.0,2123.0,4978.9534883720935,61.885449300000005,15.2446989,488930.01499999996,8120124.25,7930246.65,23280.2365,19578841.9,2722193.2199999997,23285300.2,14322295.7,611721.297,3397148.0300000003,3.6406029203956667,8.189070272542562,4.0594733753646,21.001935053365973,0.41473976302959986,2.9131828673057973,38.06521092889136,315134517.0,10570318.255813954,29.813153149543787,1.292149305403615,3.394949676988656,2.1028003715850407,1.4010532546991767,3.044614578876676,-0.8801040324835857,1.06924625228769,3.6393007660246135,9.107864580386947,1.0,1,0,0,19
England/UK,Boxer Rebellion,1900,1901,1,Won,China,China,Colonial / Eastern,Offensive,Away,London,Beijing,8140,7594.0,41155.0,972.0,400000.0,62.220657,6.4952106,496667.72,8216168.0,7919669.0,745043.7,219622430.0,89605560.0,23640414.0,14354067.0,25853544.0,372186600.0,7.81275720164609,0.1028875,9.579467215427934,0.6666289776022534,0.03741042297000356,0.0883836784235264,0.9143974226512234,312531070.0,388800000.0,0.8038350565843622,2.0557579363313088,-0.2183611843520661,-2.2741191206833746,2.2596219761802825,-0.40552164330286833,-3.2858059243506985,-2.4260679596033774,-0.08948998512840506,9.004545458996587,1.0,1,0,1,20
England/UK,World War I,1914,1918,4,Won,Germany,Germany,European,Defensive,Away,London,Vienna,1235,8131.0,46049.0,4876.0,66096.0,66.913544,29.981787200000003,606681.818,9452668.8,7774912.7,743462.492,11152856.4,15423301.4,28590480.0,14111363.2,18582547.6,43505451.6,1.6675553732567678,0.6966987412248851,2.231806381442131,0.8160220919389704,0.8475558602189122,0.5041017158622083,1.538566218982805,374424419.0,322284096.0,1.1617837294707833,0.5113587056066754,0.14995652189119546,-0.3614021837154798,0.802811294090643,-0.20331385092988888,-0.1653985301368883,-0.684977214086196,0.43085095611650265,7.118826249062078,1.0,0,0,0,20
England/UK,Third Anglo-Afghan War,1919,1919,1,Won,Afghanistan,Afghanistan,Colonial / Eastern,Defensive,Away,London,Kabul,5707,7605.0,46534.0,1156.0,6122.4324324324325,68.589574,4.2357695,639392.3030000001,9766109.8,7722894.2,5890.07463,20601477.2,5873980.75,30027160.0,13741479.7,262197.89800000004,5922778.5,6.578719723183391,7.600573875424889,16.192942982378998,108.55419382012144,0.4740490065440551,1.3147632804210332,114.52097911173946,353891070.0,7077531.891891892,50.002045261770135,1.8838401554610704,3.9120639098269523,2.028223754365882,2.7845755289574248,4.687249530493896,-0.7464445732979198,0.27365663453615485,4.7407580298942,8.649448770536708,1.0,0,0,1,20
England/UK,Irish War of Independence,1919,1921,2,Lost,Irish Republic,Ireland,European,Defensive,Home,London,Dublin,463,7605.0,46534.0,4118.75,4352.0,68.589574,36.212650499999995,639392.3030000001,9766109.8,7722894.2,47417.173800000004,5317251.5,1311338.41,30027160.0,13741479.7,1580070.47,2783329.5300000003,1.8464339908952958,10.692555147058824,1.8940777063529224,13.484403471554014,1.8366838205791094,5.889322040067446,19.003684057205373,353891070.0,17924800.0,19.743097273051863,0.6132562064425758,2.9828039250940357,2.36954771865146,0.6387320215637343,2.6015337191693333,0.6079616741513434,1.7731408874846588,2.944632858118353,6.137727054086234,0.0,0,1,0,20
England/UK,Iraqi Revolt,1920,1920,1,Won,Iraqi tribes,Iraq,Colonial / Eastern,Defensive,Away,London,Baghdad,4090,7017.0,46821.0,1445.081081081081,3095.5162432432435,68.92478,26.733356,645934.4,9828798.0,7712490.5,11650.4074,2032402.4,2173859.5,30314496.0,13667503.0,789158.06,2162802.2,4.85578289818209,15.125425396231991,2.578231479803733,55.44307403361706,4.8360491997057276,3.5478330131271134,38.413719046346685,328542957.0,4473271.959289993,73.44578196675236,1.5801703448051494,4.296547473697254,2.7163771288921046,0.9471036909452408,4.015356801281284,1.5760981063372153,1.266336998268462,3.648414662621028,8.316300249036848,1.0,0,0,1,20
England/UK,Arab Revolt in Palestine,1936,1939,3,Won,Palestinian Arab rebels,,Colonial / Eastern,Defensive,Away,London,Jerusalem,3611,9620.0,47081.0,,,74.288086,,754079.7000000001,10784570.6,7545496.2,,,,34958651.2,12080962.2,,,,,,,,,,452919220.0,,,,,,,,,,,8.191740021277457,1.0,0,0,1,20
England/UK,World War II,1939,1945,6,Won,Germany,Germany,European,Defensive,Away,London,Berlin,931,9982.0,47991.0,8617.0,69286.0,75.293704,52.1700092,774181.9500000001,10952672.9,7514167.8,1229762.365,11741009.1,14629926.3,35811167.8,11743915.8,36230592.4,33129307.6,1.158407798537774,0.6926507519556621,1.4432373149744433,0.6295378457121674,0.9328561801387243,0.513616244259549,0.9884234683394246,479046162.0,597037462.0,0.8023720327284923,0.14704647478978766,-0.22018289746765154,-0.36722937225743923,0.366888725711511,-0.46276930703138774,-0.06950423777806203,-0.6662788988753385,-0.011644061382437565,6.836259277277067,1.0,0,0,0,20
England/UK,Palestine Emergency,1945,1948,3,Lost,Jewish insurgents,Israel,Colonial / Eastern,Defensive,Away,London,Jerusalem,3611,11247.0,49182.0,4481.344279117497,1286.131,77.304945,39.0121185,826314.95,11450001.5,7451505.0,15101.0575,76645.305,271576.72500000003,38036182.0,11135279.5,772776.7,1198132.4,2.5097379936662336,38.24027256943499,1.981562344531482,54.71901222811713,149.3894701051813,27.437936737767195,49.220146000778755,553149954.0,5763595.799045665,95.97306495566369,0.9201783627016675,4.564067578721259,3.6438892160195913,0.6838855964546712,4.002211221764618,5.006556788991112,3.3119266082583088,3.8963030112482047,8.191740021277457,0.0,0,0,1,20
England/UK,Malayan Emergency,1948,1960,12,Won,Malayan Communist Party,Malaysia,Colonial / Eastern,Defensive,Away,London,Kuala Lumpur,10546,10753.0,50014.0,1889.0,5922.0,78.31056600000001,20.0068664,853574.2999999999,11714778.2,7420173.0,91318.038,195372.26,2929278.8,39200687.2,10837507.0,1202338.0,4799647.6,5.692429857067231,8.445457615670382,3.914184482183577,9.347269375191788,59.96131794759398,2.5331057596839197,32.60371642583034,537800542.0,11186658.0,48.07517508803791,1.7391371968890168,3.8727659334450792,2.133628736556062,1.364607001788404,2.23508425521299,4.093699653439694,0.9294461228853507,3.4844262826674073,9.263501920090414,1.0,0,0,1,20
England/UK,Mau Mau Uprising,1952,1960,8,Won,Mau Mau,Kenya,Colonial / Eastern,Defensive,Away,London,Nairobi,6820,11303.0,50430.0,1063.0,6464.046,78.99154,5.90868,874453.0000000001,11943866.0,7378396.0,4773.6664,16334903.0,2994732.2,40037696.0,10648358.0,378886.0,6033477.0,10.633113828786453,7.801615273158638,13.368728717750834,183.18267904099878,0.7311868334938996,2.4637915871075213,105.67214412778515,570010290.0,6871280.898,82.95546324789471,2.363973077848783,4.41830387640731,2.054330798558527,2.592918301907215,5.210483901050768,-0.3130862657139755,0.9017014589395016,4.66034132103714,8.827614750837508,1.0,0,0,1,20
England/UK,Cyprus Emergency,1955,1959,4,Lost,EOKA,Cyprus,Colonial / Eastern,Defensive,Away,London,Nicosia,3218,12541.0,50946.0,3360.0,530.0,78.829926,25.786871,882364.1,12101636.0,7347061.5,4038.21,8418.958,369072.94,40300780.0,10822926.0,136663.19,393308.8,3.7324404761904764,96.1245283018868,3.056979111579687,218.50376775848704,1437.4268169528818,19.906800807450146,294.89125784346174,638913786.0,1780800.0,358.77908018867925,1.3170623028667998,5.882706823548051,4.565644520681251,1.1174272099052043,5.386803258132909,7.270609861429729,2.991061422465616,5.686606670903905,8.076515327552329,0.0,0,0,1,20
England/UK,Suez Crisis,1956,1956,1,Lost,Egypt,Egypt,Colonial / Eastern,Offensive,Away,London,Cairo,3512,12639.0,51184.0,1443.0,24425.817,78.732735,36.6811,885529.1,12168438.0,7336617.0,69542.88,0.0,2254010.8,40412460.0,10916202.0,8866875.0,15305997.0,8.758835758835758,2.095487737421434,2.1464115034718154,12.733569561686256,,3.2549165248010348,4.5576891520406,646914576.0,35246453.931,18.354032926728692,2.1700629918732552,2.9098493283762896,0.7397863365030342,0.7637973795408454,2.5442417787372236,,1.180166630109272,1.5168157301741867,8.163940954755008,0.0,1,0,1,20
England/UK,Konfrontasi,1963,1966,3,Won,Indonesia,Indonesia,Colonial / Eastern,Defensive,Away,London,Jakarta,11718,14583.0,53625.0,1557.0,101674.26104845964,78.09575,15.9953375,921843.6,12347995.0,7399000.0,436822.85,11868316.0,39557616.0,41830276.0,11732531.0,15204474.0,79851190.0,9.366088631984585,0.5274196187611477,4.882407138955336,2.1103374056554047,1.0404167701635176,0.18704362770496585,2.7511820533877067,782013375.0,158306824.45245165,4.939858895564431,2.2370955738795666,1.5973367671409573,-0.6397588067386096,1.5856383644286571,0.7468478425976275,0.03962137342007983,-1.6764133861034065,1.0120306569202941,9.368881400104733,1.0,0,0,1,20
England/UK,Aden Emergency,1963,1967,4,Lost,NLF,Yemen,Colonial / Eastern,Defensive,Away,London,Aden,5898,14583.0,53625.0,1568.0,6248.206,78.09575,10.43642,921843.6,12347995.0,7399000.0,34044.513,21999990.0,1360000.0,41830276.0,11732531.0,568374.0,4877689.0,9.300382653061224,8.582463510326004,7.48300183396222,27.07759690966941,0.5612727551239796,5.440441176470588,73.59639251619532,782013375.0,9797187.008,79.82019475196691,2.230055544803212,4.379776539506949,2.1497209947037366,2.0126340261820106,3.2987067036953848,-0.5775482970968016,1.6938601561954532,4.298596009807962,8.682368589375221,0.0,0,0,1,20
England/UK,Falklands War,1982,1982,1,Won,Argentina,Argentina,European,Defensive,Away,London,Buenos Aires,11127,20650.0,56339.704,11550.0,29330.0,88.576035,83.63935,1118168.5,11295000.0,6986000.0,352598.66000000003,100775930.0,27992000.0,49946760.0,6441811.0,24237736.0,4741130.0,1.7878787878787878,1.920890010228435,1.0590234739987818,3.17122163765455,0.11208033505619844,0.24957130608745356,2.0607023692311857,1163414887.6,338761500.0,3.4343185031356867,0.5810298824392391,1.2338185080681883,0.652788625628949,0.057347232566975805,1.1541168883058817,-2.1885393875199664,-1.3880106086807467,0.7230468806266916,9.3171298661577,1.0,0,0,0,20
Spain,Fernando III's Reconquista,1212,1248,36,Won,Almohad Caliphate,Morocco,Colonial / Eastern,Offensive,Home,Toledo,Marrakesh,982,1307.2542603440475,5187.2,,1788.0,15.95999964,0.0133123336,13737.8616,3401159.696,6482797.74,6.245007248,2379139.7679999997,1025222.936,964680.0,4775320.0,247.7382408,1824952.296,,2.901118568232662,1198.888197933982,2199.8151570439936,1.4295754044156688,6.3233054122776675,3893.9486971605234,6780989.299256642,,,,,1.0650963758078975,7.0891499045864,7.696128616291111,0.35737748019330556,1.8442420797093915,8.267179011002142,6.889591308354466,1.0,1,1,1,13
Spain,War of the Sicilian Vespers,1282,1302,20,Won,France,France,European,Defensive,Away,Toledo,Paris,1120,1415.2784398112833,5579.2,1382.7442644599441,11294.0,32.059997540000005,5.5359263400000005,33039.7001,4161076.756,5234392.890000001,61717.0955,29151849.28,16985601.82,2356980.0,4783020.0,819179.8108,14007372.18,1.0235287002720246,0.4939968124667965,5.7912615831517735,0.5353411373676844,0.14273800320636124,0.3081664662500608,2.877243761291193,7896121.471395112,15616713.72281061,0.5056199154026633,0.02325616702749795,-0.6819700472838974,-0.7052262143113953,1.7563501578592653,-0.6248510953525028,-1.946744474563536,-1.177115167174623,1.0568328085753624,7.02108396428914,1.0,0,0,0,13
Spain,War of the Castilian Succession,1475,1479,4,Won,Portugal,Portugal,European,Defensive,Home,Valladolid,Paris,973,1135.2634804266747,6660.0,1269.4214301886009,980.0,16.17499925,16.1749995,14107.89425,3451054.375,7139738.25,11696.34475,382523.2125,489018.245,993125.0,5256875.0,166821.4275,899899.7000000001,0.8943156728163996,6.795918367346939,0.999999984544049,1.2061797554317129,9.021816878629293,14.600146974066377,5.953222046370512,7560854.779641653,1244033.0015848288,6.077696307099205,-0.11169646454997668,1.8046257273198405,1.9163221918698172,-1.545595108297091e-08,0.18745813813640827,2.1996457415766324,2.681031595380497,1.7839325933866839,6.880384082186005,1.0,0,1,0,15
Spain,Granada War,1482,1492,10,Won,Emirate of Granada,Spain,Colonial / Eastern,Offensive,Home,Valladolid,Granada,506,1181.9770479005251,6699.2,1181.9770479005251,6699.2,15.509999180000001,15.509999180000001,13742.16014,3482833.57,7264255.859999999,13742.16014,3482833.57,7264255.859999999,966210.0,5353790.0,966210.0,5353790.0,1.0,1.0,1.0,1.0,1.0,1.0,1.0,7918300.639295198,7918300.639295198,1.0,0.0,0.0,0.0,0.0,0.0,0.0,0.0,0.0,6.226536669287466,1.0,1,1,1,15
Spain,First Italian War,1494,1498,4,Won,France,France,European,Defensive,Away,Valladolid,Paris,973,1210.8524453028165,6766.4,1547.546619370709,14898.0,14.36999906,6.663907848,13115.18738,3537312.19,7477714.62,73335.84014,23336718.16,15615685.66,920070.0,5519930.0,976353.2804,13655017.24,0.7824335823855147,0.4541817693650154,2.156392223267731,0.17883735094549635,0.1515771054759141,0.47885919214897926,0.9423535706492003,8193111.985896977,23055349.535384823,0.35536706885846064,-0.24534623891078916,-1.0346040269287866,-0.7892577880179975,0.7684365582392776,-1.7212785401533919,-1.8866608364665922,-0.7363486868972429,-0.059374734436425415,6.880384082186005,1.0,0,0,0,15
Spain,Second Italian War,1499,1504,5,Won,France,France,European,Defensive,Away,Valladolid,Paris,973,1230.4267950626497,6794.4,1566.7580402842789,14983.0,13.89499901,6.693908808,12853.94873,3560011.615,7566655.77,74564.72669,23315581.36,15805845.11,900845.0,5589155.0,992820.2134,13835382.04,0.7853330019224897,0.4534739371287459,2.0757675983565624,0.17238645269149583,0.15268809128248992,0.4787251625800602,0.9073596486467346,8360011.816373667,23474735.71757935,0.35612804833892836,-0.24164744487908385,-1.0324649264564285,-0.7908174815773447,0.7303310121953939,-1.7580165045159457,-1.8793580574707187,-0.7366286195614148,-0.09721638194236418,6.880384082186005,1.0,0,0,0,15
Spain,Conquest of Navarre,1512,1515,3,Won,Kingdom of Navarre,Spain,European,Offensive,Home,Valladolid,Paris,973,1409.328028406847,6972.8,1409.328028406847,6972.8,14.18999912,14.18999912,13805.22848,3676133.62,7529211.06,13805.22848,3676133.62,7529211.06,963270.0,5776730.0,963270.0,5776730.0,1.0,1.0,1.0,1.0,1.0,1.0,1.0,9826962.476475263,9826962.476475263,1.0,0.0,0.0,0.0,0.0,0.0,0.0,0.0,0.0,6.880384082186005,1.0,1,1,0,16
Spain,Conquest of the Aztec Empire,1519,1521,2,Won,Aztec Empire,Mexico,Colonial / Eastern,Offensive,Away,Valladolid,Tenochtitlan,8939,1446.2620642422132,7073.6,574.0,6550.0,14.41749919,0.2453333288,14390.61951,3741223.19,7496991.845,1561.4507827,1399478.7249999999,8836484.0304,1001927.5,5878072.5,36236.300814999995,19966682.153,2.5196203209794654,1.07993893129771,58.76698147993335,9.216185146173036,2.6732976523097913,0.8484134435379762,27.649828416957305,10230279.33762372,3759700.0,2.7210360767145567,0.9241082238940381,1.0010127183367192,0.07690449444268113,4.0735801577253365,2.220961193397253,0.9833127861049537,-0.1643872106628192,3.3196195224140914,9.098179005087852,1.0,1,0,1,16
Spain,Italian War of 1521,1521,1526,5,Won,France,France,European,Offensive,Away,Valladolid,Paris,973,1357.658672776888,7102.4,1340.4131162647586,15735.0,14.48249921,6.73141194,14557.87409,3759820.21,7487786.355,77472.7475,23326245.94,16446137.47,1012972.5,5907027.5,1050382.682,14541067.93,1.0128658518055884,0.4513759135684779,2.1514801558853938,0.18790961415173768,0.16118411079395487,0.4552914852292062,0.9643842357256229,9642634.957530567,21091400.384425975,0.457183249181062,0.012783789849375842,-0.7826709855693607,-0.7954547754187365,0.7661560498681549,-1.671794207550553,-1.8252080220434952,-0.7868174382676121,-0.03626547900778537,6.880384082186005,1.0,1,0,0,16
Spain,Conquest of Yucatán,1524,1546,22,Won,Maya kingdoms,Mexico,Colonial / Eastern,Offensive,Away,Valladolid,Mérida,8067,1351.819440369203,7145.6,574.0,6300.0,14.57999924,0.2631111048,14808.755959999999,3787715.74,7473978.12,1479.2511992,1767762.5999999999,8321134.0384,1029540.0,5950460.0,34328.71024,18795570.088,2.355086133047392,1.1342222222222222,55.413849792021395,10.010981209958649,2.1426608640775635,0.8981922518624766,29.990640277547463,9659560.993102178,3616200.0,2.6711910273497534,0.8565773013419657,0.9825244506081806,0.1259471492662147,4.014829558755257,2.3036826114960833,0.7620484510878534,-0.10737114465998725,3.4008853422344987,8.995536944936974,1.0,1,0,1,16
Spain,Conquest of Central America,1524,1548,24,Won,Maya kingdoms,Mexico,Colonial / Eastern,Offensive,Away,Valladolid,Mérida,8067,1351.819440369203,7145.6,574.0,6300.0,14.57999924,0.2631111048,14808.755959999999,3787715.74,7473978.12,1479.2511992,1767762.5999999999,8321134.0384,1029540.0,5950460.0,34328.71024,18795570.088,2.355086133047392,1.1342222222222222,55.413849792021395,10.010981209958649,2.1426608640775635,0.8981922518624766,29.990640277547463,9659560.993102178,3616200.0,2.6711910273497534,0.8565773013419657,0.9825244506081806,0.1259471492662147,4.014829558755257,2.3036826114960833,0.7620484510878534,-0.10737114465998725,3.4008853422344987,8.995536944936974,1.0,1,0,1,16
Spain,Conquest of New Granada,1525,1540,15,Won,Muisca Confederation,Colombia,Colonial / Eastern,Offensive,Away,Valladolid,Bogotá,7951,1288.7650325566374,7160.0,,,14.612499249999999,0.50000005,14892.383249999999,3797014.25,7469375.375,105.19803750000003,2503415.95,2487214.875,1035062.5,5964937.5,6292.0865,3304543.875,,,29.22499557750044,141.5652193131454,1.5167332660000028,3.003108195467028,164.50226804733214,9227557.633105524,,,,,,3.375024356032216,4.95276052476894,0.4165588549790146,1.0996478174787092,5.102924357632156,8.981052985901483,1.0,1,0,1,16
Spain,Spanish-Ottoman Wars,1529,1574,45,Indecisive,Ottoman Empire,Turkey,Colonial / Eastern,Offensive,Away,Valladolid,Constantinople,2796,1249.2561531184972,7217.6,780.3733333333333,6764.0,14.74249929,2.336659145,15226.89241,3834208.29,7450964.395,5270.022244000001,6628918.95,8169388.865,1057152.5,6022847.5,158214.7408,6599285.465,1.6008442366711195,1.0670609107037257,6.309221146587043,2.8893412029400913,0.578406270904851,0.9120589701540667,6.681757304373753,9016631.210748065,5278445.226666667,1.7081983090770954,0.4705311380079703,0.535439194643631,0.06490805663566061,1.8420122373321273,1.0610285186779138,-0.547478766382988,-0.0920506307415379,1.8993810224688652,7.935945103353701,,1,0,1,16
Spain,Conquest of the Inca Empire,1532,1572,40,Won,Inca Empire,Peru,Colonial / Eastern,Offensive,Away,Valladolid,Cusco,9205,1399.7556459651407,7260.8,880.0,3136.0,14.83999932,0.7300821120000001,15477.77428,3862103.82,7437156.16,372.631488,2620782.5640000002,815805.5096,1073720.0,6066280.0,17664.42528,3118335.464,1.590631415869478,2.3153061224489795,20.32647982477894,41.53641004165488,1.473645266513609,9.11633480343438,60.78431553704078,10163345.794223694,2759680.0,3.6827986557222916,0.4641310543011364,1.3036729674163605,0.8395419131152241,3.0119244608906977,3.7265703929910754,0.38773910436524606,2.2100678377202487,4.10733178755184,9.127502093667179,1.0,1,0,1,16
Spain,Italian War of 1536,1536,1538,2,Indecisive,France,France,European,Defensive,Away,Valladolid,Paris,973,1383.0860408218855,7318.4,1557.1813971581466,16260.0,14.96999936,6.75391404,15812.28344,3899297.86,7418745.18,79374.35,23336883.04,16876323.52,1095810.0,6124190.0,1089146.312,15019362.88,0.8881984098615712,0.4500861008610086,2.216492432586542,0.19921150144851577,0.16708734638282696,0.4395948662164542,1.0061182670561162,10121976.881150886,25319769.517791465,0.3997657590855425,-0.1185601264189474,-0.9168765056922872,-0.7983163792733396,0.7959259610697087,-1.6133881973030644,-1.789238571066568,-0.8219017348273818,0.006099626453714182,6.880384082186005,,0,0,0,16
Spain,Italian War of 1542,1542,1546,4,Indecisive,France,France,European,Defensive,Away,Valladolid,Paris,973,1253.4314552088756,7404.8,1616.8888104961973,16470.0,15.164999420000001,6.76291488,16314.04718,3955088.92,7391128.71,80134.99100000001,23341137.88,17048397.94,1128945.0,6211055.0,1104651.764,15210680.86,0.7752119051551959,0.4495931997571342,2.242376207461597,0.2035820679133788,0.16944713408290787,0.43353802134442665,1.0219917595677692,9281409.239530683,26630158.70887237,0.3485300009285486,-0.2546188609961637,-1.0540309666085468,-0.7994121056123833,0.8075361105114013,-1.5916860732662437,-1.775214294126646,-0.8357757787773668,0.02175342870377057,6.880384082186005,,0,0,0,16
Spain,Schmalkaldic War,1546,1547,1,Won,Protestant League,Germany,European,Offensive,Away,Valladolid,Wittenberg,1736,1391.47836380344,7462.4,1479.8537547417372,13840.0,15.29499946,8.338,16648.55634,3992282.96,7372717.73,100612.95144,14670782.7,9092085.66,1151035.0,6268965.0,867720.0,9512280.0,0.9402809969193744,0.5391907514450867,1.8343726864955627,0.16547130465532836,0.2721247421925212,0.8108940022898993,1.3265050938090628,10383768.14204679,20481175.965625644,0.5069908172984927,-0.06157651549667093,-0.6792623873922676,-0.6176858718955968,0.6067025628386057,-1.7989574849664782,-1.3014947068141078,-0.20961793342116972,0.282547734625271,7.459338895220296,1.0,1,0,0,16
Spain,Arauco War,1550,1656,106,Indecisive,Mapuche,Chile,Colonial / Eastern,Offensive,Away,Valladolid,Arauco,11194,1624.5990923914771,7520.0,853.0,,15.4249995,0.22222222499999997,16983.0655,4029477.0,7354306.75,48.971639999999994,1046249.125,338642.705,1173125.0,6326875.0,1333.3333499999999,598666.65,1.904571034456597,,69.4124968823438,346.79388927959127,3.8513551922922753,21.71700922953589,879.8437390019534,12216985.174783908,,,0.6442568044591789,,,4.240066921652814,5.848730624450084,1.3484250843609251,3.078095788970316,6.779744322388993,9.323133199451306,,1,0,1,16
Spain,Italian War of 1551,1551,1559,8,Won,France,France,European,Defensive,Away,Valladolid,Paris,973,1446.243201022775,7534.4,1335.9976789942393,16785.0,15.45749951,6.77641614,17066.69279,4038775.51,7349704.005,81275.9525,23347520.14,17306509.57,1178647.5,6341352.5,1127909.942,15497657.83,1.0825192466737894,0.4488769734882335,2.2810729433744603,0.2099845312794089,0.17298520295868988,0.4246785855502809,1.044983696047605,10896574.773785997,22424721.041918308,0.48591796318969316,0.07929096057366727,-0.7217154693511778,-0.8010064299248452,0.8246459214733026,-1.5607214115519852,-1.7545492201731252,-0.8564226654670619,0.04400128342674344,6.880384082186005,1.0,0,0,0,16
Spain,Conquest of the Philippines,1565,1571,6,Won,Sultanate of Sulu,Philippines,Colonial / Eastern,Offensive,Away,Madrid,Jolo,12371,1604.723282878743,7736.0,,,15.91249965,0.746286994,18237.47485,4168954.65,7285265.575,143.07152715,37575.3535,281099.538,1255962.5,6544037.5,5628.326645000001,689214.504,,,21.322225602125396,127.47102944444944,110.94917975954638,25.91703147872125,223.15025037072982,12414139.316349955,,,,,,3.0597499841929436,4.847889118736562,4.709072256467511,3.254900338641536,5.40784531305865,9.423110302862831,1.0,1,0,1,16
Spain,Eighty Years' War,1568,1648,80,Lost,Dutch Republic,Netherlands,European,Defensive,Away,Madrid,The Hague,1432,1579.6095107103288,7779.2,4090.9090909090905,1324.0,16.00999968,18.28800168,18488.35672,4196850.18,7271457.34,7479.44212,1885375.624,259771.8848,1272530.0,6587470.0,267014.6396,1129988.1592,0.3861267692847471,5.875528700906345,0.8754373474007686,2.4718898045299666,2.226002143326745,27.9917025878237,4.7657686556299215,12288098.305717789,5416363.636363636,2.2686989151207735,-0.9515895455985067,0.8192065020263438,1.7707960476248508,-0.13303169189485237,0.9049829611463249,0.8002072157130625,3.3319081301098175,1.5614588369255948,7.266827347520591,0.0,0,0,0,16
Spain,Anglo-Spanish War of 1585,1585,1604,19,Lost,England,United Kingdom,European,Offensive,Away,Madrid,London,1263,1510.1581479701863,8024.0,1396.0,5835.8,16.562499850000002,2.1,19910.02065,4354924.85,7193210.675,3957.7435,3414856.17,7675397.85,1366412.5,6833587.5,102616.864,4783900.555,1.0817751776290734,1.3749614448747387,7.886904690476191,5.030649573424856,1.2752879281589184,0.9371775659811563,13.31567197376057,12117508.979312776,8146776.8,1.4873991612624977,0.07860337475754578,0.39702906539185046,0.3184256906343048,2.06520374996046,1.6155491156197117,0.2431719791225298,-0.06488250991502727,2.58894168541721,7.141245122350491,0.0,1,0,0,16
Spain,Thirty Years' War,1618,1648,30,Lost,France,France,European,Defensive,Away,Madrid,Paris,1052,1193.0087929288466,8335.4,1582.0576489145528,19034.78,17.635,6.876924926,21753.55182,4413608.294,7284225.23,87487.854,24081844.84,19131941.08,1480705.0,6929295.0,1305821.96,17670794.16,0.7540868019236644,0.4379036689680679,2.5643729122774492,0.24864653578084106,0.18327533971438045,0.3807363403191079,1.1339256386835461,9944205.492579108,30114119.29440575,0.33021737728276934,-0.2822477956855258,-1.108004122343074,-0.8257563266575483,0.9417139700886881,-1.3917229260284723,-1.6967656682969003,-0.9656481635717337,0.1256856288023345,6.9584483932976555,0.0,0,0,0,17
Spain,Anglo-Spanish War of 1625,1625,1630,5,Won,England,United Kingdom,European,Defensive,Away,Madrid,London,1263,1097.2786606737652,8372.5,1798.0,6768.75,17.8625,2.1,21982.65475,4382188.325,7346469.125,3957.7435,3480182.7750000004,8121281.5,1492937.5,6882062.5,114357.52249999999,5331239.0,0.6102773418652754,1.2369344413665744,8.505952380952381,5.554340434138797,1.2591833844129061,0.9045948136387096,13.05500038268143,9186965.586491099,12170212.5,0.7548730629388023,-0.49384176634523935,-0.28120567242618044,0.21263609391905894,2.1407661985266087,1.7145796823137966,0.23046340324205708,-0.10026815527485011,2.569171231464108,7.141245122350491,1.0,0,0,0,17
Spain,Franco-Spanish War,1635,1659,24,Lost,France,France,European,Defensive,Away,Madrid,Paris,1052,1000.1792647901416,8425.5,1481.1901156928238,19539.85,18.1875,6.9024267450000005,22309.94465,4337302.655,7435388.975,87487.854,24742556.3,19528756.1,1510412.5,6814587.5,1354257.0,18247572.2,0.6752538071875464,0.43119573589357135,2.634942850088878,0.2550061937740523,0.17529727334600428,0.38074053139513575,1.1153071388960885,8427010.395489339,28942232.68212042,0.29116656230516985,-0.3926666481356786,-1.2338597965014892,-0.8411931483658109,0.9688614929872966,-1.3664674448086824,-1.7412720413915221,-0.9656371558151396,0.10912982787304884,6.9584483932976555,0.0,0,0,0,17
Spain,Portuguese Restoration War,1640,1668,28,Lost,Portugal,Portugal,European,Offensive,Away,Madrid,Lisbon,503,1064.4811266451898,8452.0,1424.6606934332501,1460.0,18.35,12.19,22473.5896,4314859.82,7479848.9,15685.198,586541.7239999999,807567.52,1519150.0,6780850.0,223713.212,1611505.94,0.747182210860276,5.789041095890411,1.5053322395406072,1.4327896657727877,7.356441397850157,9.26219630526993,6.790613689816406,8996994.482405145,2080004.6124125451,4.325468524788393,-0.29144620008608946,1.4645204639474758,1.7559666640335652,0.40901363100739924,0.35962335912863014,1.9955763100873187,2.2259412025294782,1.9155413189027108,6.220590170099739,0.0,1,0,0,17
Spain,War of Devolution,1667,1668,1,Lost,France,France,European,Defensive,Away,Madrid,Paris,1052,1051.855744108303,8595.1,2043.6354416626168,20490.57,19.2275,6.950430169,23357.27233,4193668.511,7719932.495,87487.854,25986248.46,20275702.02,1566332.5,6598667.5,1445428.84,19333272.04,0.5146983276295879,0.419466125149276,2.766375538273536,0.26697731470245,0.1613802976391614,0.3807479754528371,1.0836455290320621,9040805.306185275,41875255.07186876,0.21589851311159577,-0.6641743215426414,-1.5329468284160965,-0.8687725068734551,1.0175379934676325,-1.3205915878527397,-1.8239916022261282,-0.9656176044821001,0.08033084680245067,6.9584483932976555,0.0,0,0,0,17
Spain,Franco-Dutch War,1672,1678,6,Lost,France,France,European,Defensive,Away,Madrid,Paris,1052,1124.3476622375917,8621.6,1933.4052469654948,20639.12,19.39,6.957930704,23520.91728,4171225.676,7764392.42,87487.854,26180575.36,20392412.32,1575070.0,6564930.0,1459674.44,19502912.64,0.5815375043603871,0.41773098853051877,2.786748075667527,0.26884780234751215,0.15932521033792896,0.3807490893259851,1.0790556831289038,9693675.80474762,39903782.90075048,0.24292623656403536,-0.542079813212583,-1.4149974349576198,-0.8729176217450367,1.0248753517580766,-1.3136098500298534,-1.8368078176010787,-0.9656146789996537,0.07608629118068236,6.9584483932976555,0.0,0,0,0,17
Spain,War of the Reunions,1683,1684,1,Lost,France,France,European,Defensive,Away,Madrid,Paris,1052,1094.0781997101856,8679.9,1953.923871332805,20965.93,19.747500000000002,6.974431881,23880.93617,4121851.439,7862204.255,87487.854,26608094.54,20649174.98,1594292.5,6490707.5,1491014.76,19876121.96,0.5599390108090015,0.41400023752821835,2.8314134164528664,0.27296287516664886,0.15490968106730127,0.38075149552536747,1.0692667455552218,9496489.36566444,40965831.1116926,0.23181488347624224,-0.5799274104536274,-1.461816141870957,-0.8818887314173294,1.0407760274189888,-1.2984194814449919,-1.8649130346917464,-0.9656083593738248,0.06697312903121426,6.9584483932976555,0.0,0,0,0,17
Spain,Nine Years' War,1688,1697,9,Indecisive,France,France,European,Offensive,Away,Madrid,Paris,1052,1175.0059907050704,8706.4,1941.8349109790838,21114.48,19.91,6.981932415999999,24044.581120000003,4099408.604,7906664.18,87487.854,26802421.44,20765885.28,1603030.0,6456970.0,1505260.36,20045762.56,0.6051008682878329,0.4123426198514005,2.8516460506512016,0.274833362811711,0.1529491883103529,0.38075256958175774,1.0649519794701827,10230072.157474624,41000834.391169645,0.24950887730416227,-0.5023601104055718,-1.3882607840461265,-0.8859006736405546,1.047896389188033,-1.2915903183914927,-1.877649515294678,-0.9656055384922577,0.06292970844545843,6.9584483932976555,,1,0,0,17
Spain,War of the Spanish Succession,1701,1714,13,Indecisive,England,United Kingdom,European,Defensive,Home,Madrid,London,1263,1246.5871463130525,8798.608333333334,2613.0,8670.616666666667,20.322,2.52199997,24790.3469,4095208.82,8035293.1,4493.83469,4045534.0,8681622.8,1646847.56,6455918.35,173639.322,6637650.15,0.47707123854307404,1.014761541374412,8.0578906588964,5.5165239956790675,1.012278927825103,0.9255519716889795,9.48430079679763,10968232.053776244,22656321.35,0.4841135453693696,-0.7400894521944866,-0.7254358019086844,0.014653650285802232,2.086651817416283,1.7077479510100988,0.012204153269491131,-0.07736499328971679,2.2496378839378344,7.141245122350491,,0,1,0,18
Spain,War of the Quadruple Alliance,1718,1720,2,Lost,France,France,European,Offensive,Away,Madrid,London,1263,1149.1208533780512,9284.95,1995.652597360633,22937.85,20.6960016,10.4680326,28913.4896,4623769.2,8412704.6,95769.5628,24667130.4,21801566.4,1909971.8399999999,7318301.9,2417163.54,20656058.8,0.5758120701457912,0.40478728389975527,1.9770669800932792,0.30190687682663203,0.18744657870702303,0.38587615429320715,0.7901707138938558,10669529.667572537,45775979.930368595,0.23308140391101018,-0.55197393863094,-1.4563675134243474,-0.9043935747934074,0.6816144232773383,-1.1976366640371103,-1.6742613877297954,-0.9522388047986716,-0.2355062633293887,7.141245122350491,0.0,1,0,0,18
Spain,War of the Polish Succession,1733,1738,5,Won,Habsburg Austria,Austria,European,Offensive,Away,Madrid,Vienna,1808,1212.377808648125,9714.075,1941.0,2738.975,21.026000699999997,6.44999991,30764.4615,4779363.0,8760018.1,7526.672200000001,2308929.74,1023378.0079999999,2021904.7,7593724.85,160827.516,2330789.12,0.6246150482473596,3.546609589353682,3.2598451152536523,4.08739223424663,2.0699473514512396,8.559904582198136,12.57188291088199,11777128.961543536,5316350.475,2.2152657197686985,-0.47061974180833227,0.7953723600802138,1.265992101888546,1.1816796835915604,1.407907171165512,0.7275231728722993,2.1470890431520533,2.531462805408176,7.4999765409521215,1.0,1,0,0,18
Spain,War of the Austrian Succession,1740,1748,8,Indecisive,Austria,Austria,European,Offensive,Away,Madrid,London,1263,1182.9265546960235,9914.333333333334,1941.0,2789.6666666666665,21.18,6.7999997,31660.605,4853024.0,8926105.0,7784.66,2213451.0,1054257.5,2075863.5,7725191.5,174790.22,2395654.2,0.6094418107655968,3.5539490978611545,3.1147060197664422,4.067050455639681,2.192514765404791,8.466721839778232,11.876313789181111,11727928.172107942,5414743.0,2.1659251735692613,-0.49521180506041046,0.7728476020768404,1.2680594071372508,1.1361347721088475,1.40291803295575,0.7850491797477005,2.136143401844389,2.4745459786795276,7.141245122350491,,1,0,0,18
Spain,Seven Years' War,1762,1763,1,Lost,Great Britain,United Kingdom,European,Offensive,Away,Madrid,London,1263,1314.106476224776,10543.716666666667,2917.0,15113.233333333334,20.9440002,24.5200004,33509.5384,5090095.2,9471056.8,48501.1328,5684528.1,8320660.0,2180229.2,8230408.6,2436495.56,7496336.3,0.4504993062134988,0.6976479773796475,0.8541598637168049,0.6909021803301055,0.8954296839521297,1.1382578785817472,0.8948217414358843,13855566.355145777,44085301.63333333,0.3142899297907819,-0.7973987419715589,-1.1574393758103265,-0.36004063383876767,-0.15763690866440586,-0.36975702770990165,-0.11045158211417606,0.12949891687077847,-0.11113075212459239,7.141245122350491,0.0,1,0,0,18
Spain,American Revolutionary War,1779,1783,4,Won,Britain,United Kingdom,European,Offensive,Away,Madrid,London,1263,1309.4073385385927,11030.058333333334,2931.0,16908.716666666667,20.298000100000003,26.389998400000003,34231.4812,5278001.5,9913505.1,57263.0486,5873434.35,8247888.8,2213745.92,8692979.3,2871548.2800000003,8007535.0,0.44674423013940384,0.6523297155411952,0.7691550333705212,0.5977935516342733,0.8986227112592142,1.2019445630741288,0.7709241510645957,14442839.326175427,49559448.550000004,0.2914245365665076,-0.8057690402148009,-1.2329741864099577,-0.4272051461951569,-0.26246272593298453,-0.5145098160183914,-0.10689200861781537,0.1839407144788213,-0.2601652876063012,7.141245122350491,1.0,1,0,0,18
Spain,War of the Pyrenees,1793,1795,2,Lost,France,France,European,Defensive,Home,Madrid,Paris,1052,1392.372181376885,11430.575,1601.7513197255046,29049.725,19.766,24.9178109,34813.0437,5435782.65,10293528.3,174397.496,17104593.4,24519585.2,2239976.95,9093758.6,6848223.8,20625662.4,0.869281120127623,0.39348307083802003,0.7932478530848791,0.1996189423499521,0.3177966598141994,0.4198084191081667,0.3270887481802216,15915614.647142088,46530435.356412984,0.34204740456933086,-0.14008870761033704,-1.0728059416731452,-0.932717234062808,-0.23161955500231926,-1.6113450180547748,-1.1463435352739644,-0.8679568167510475,-1.1175237437447598,6.9584483932976555,0.0,0,1,0,18
Spain,Peninsular War,1808,1814,6,Won,France,France,European,Defensive,Home,Madrid,Paris,1052,1544.6891623853626,11859.7,2022.1609462729605,30272.1,21.2230512,27.8075694,39185.149,5607362.7,10715677.4,197884.296,17193737.6,25752953.6,2507337.96,9301671.8,8199932.9,21266186.8,0.763880424667668,0.3917699796181963,0.7632113003015647,0.19802050891395645,0.3261282003047435,0.41609508433238507,0.305775424089141,18319550.059141684,61215058.381669685,0.29926541840279147,-0.26934401428002563,-1.2064244123866603,-0.9370803981066348,-0.2702203524828785,-1.619384673278161,-1.1204647224503772,-0.8768414767318888,-1.1849043546776437,6.9584483932976555,1.0,0,1,0,19
Spain,Río de la Plata War of Independence,1810,1818,8,Lost,Argentine rebels,Argentina,Colonial / Eastern,Defensive,Away,Madrid,Santiago,10702,1326.0894056070267,11916.916666666668,1537.5,534.0,21.653814,18.283228,40206.485,5630347.0,10772645.0,3610.809,5052198.0,1312018.6,2570998.2,9302191.0,76241.66,340761.6,0.862497174378554,22.31632334581773,1.1843539882563408,11.135035112629884,1.1144351428823653,8.210741067237919,33.721697560100345,15802896.939168472,821025.0,19.24776582828595,-0.14792340616482455,2.957394993129947,3.1053183992947715,0.16919746834508145,2.4100964540613314,0.10834767823602279,2.1054431833661753,3.5181414746927233,9.27818591887125,0.0,0,0,1,19
Spain,Mexican War of Independence,1810,1821,11,Lost,Mexican rebels,Mexico,Colonial / Eastern,Defensive,Away,Madrid,Mexico City,9062,1326.0894056070267,11916.916666666668,1073.0,6413.083333333333,21.653814,6.5139933,40206.485,5630347.0,10772645.0,21592.303,22784946.0,4779240.0,2570998.2,9302191.0,501088.62,7191406.5,1.2358708346757006,1.8582195251893918,3.324199611933896,1.862074879182642,0.2471082003003211,2.2540498070822976,5.130825361789299,15802896.939168472,6881238.416666666,2.296519315606498,0.21177585088514989,0.8313946356373003,0.6196187847521504,1.201228926915168,0.6216913924301021,-1.397928980377472,0.8127285125705603,1.635266535479073,9.111845125227083,0.0,0,0,1,19
Spain,Venezuelan War of Independence,1810,1823,13,Lost,Gran Colombia,Colombia,Colonial / Eastern,Defensive,Away,Madrid,Bogotá,8011,1326.0894056070267,11916.916666666668,896.0,1206.0,21.653814,16.4,40206.485,5630347.0,10772645.0,1189.7565,2916462.8,735065.75,2570998.2,9302191.0,210147.7,1071240.8,1.480010497329271,9.88135710337203,1.3203545121951221,33.79387715049256,1.93053962491824,14.655348858248395,12.234243819941879,15802896.939168472,1080576.0,14.62451224084976,0.3920491805409179,2.6826990415087537,2.290649860967836,0.2779002703846442,3.520279636685729,0.6577995622396782,2.684805378604768,2.504238890321132,8.988570876215118,0.0,0,0,1,19
Spain,Peruvian War of Independence,1820,1826,6,Lost,Peru,Peru,Colonial / Eastern,Defensive,Away,Madrid,Lima,9509,1557.9081582883766,12203.0,835.0,1317.0,23.807625,12.278895,45601.556,5746296.5,11505216.0,1805.2614,2670908.5,315193.7,2905244.5,9297755.0,161713.06,1155286.9,1.8657582733992535,9.26575550493546,1.938906147499429,25.260361740410556,2.1514389205021436,36.50204937471783,17.9654290135874,19011153.25559306,1099695.0,17.28765999262801,0.623667551375285,2.8499929517638436,2.2263254003885584,0.6621239725617043,3.2292364375011413,0.7661368836312262,3.597368406264791,2.8884493008028853,9.159993997539445,0.0,0,0,1,19
Spain,Spanish-Moroccan War,1859,1860,1,Won,Morocco,Morocco,Colonial / Eastern,Offensive,Away,Madrid,Fez,719,1861.1265944607705,15584.0,850.36,3536.8599999999997,32.2074928,11.4043072,79665.3735,7092273.35,13989923.5,13172.140449999999,6073741.25,2586005.3,5001736.2,10519263.8,522536.32600000006,4055560.35,2.188633748601499,4.406168183077646,2.824151632814661,6.048020350405541,1.167694351483939,5.409858788765824,9.572035380368943,29003796.84807665,3007604.2695999998,9.643488387497882,0.783277490061283,2.266282909087789,1.4830054190265058,1.0382080125289754,1.799731003687302,0.15503116478710366,1.6882229906260153,2.258845866275082,6.577861357721047,1.0,1,0,1,19
Spain,Dominican Restoration War,1863,1865,2,Lost,Dominican Republic,Dominican Republic,Colonial / Eastern,Offensive,Away,Madrid,Santo Domingo,6693,1956.3544512427152,15809.0,1637.0,2352.968,33.0690179,11.0527981,84033.11600000001,7249156.8,14185970.5,687.42371,108876.45,74921.8725,5267787.05,10650389.5,27443.212099999997,219476.972,1.1950851870755743,6.718748406268169,2.991913685639476,122.24355194265848,66.58149489627922,189.34351247027362,191.9522769712515,30928007.519696083,3851808.616,8.02947669601871,0.17821746909844033,2.08311935721975,1.90490188812131,1.09591321131358,4.806015382118594,4.198426684527433,5.24356289165508,5.257246783690863,8.808817483100642,0.0,1,0,1,19
Spain,Chincha Islands War,1864,1866,2,Lost,Peru,Peru,European,Offensive,Away,Madrid,Lima,9509,1943.1622448534888,15864.0,1278.0,2424.5,33.2843992,18.3413248,85068.15800000001,7281154.4,14234643.0,3023.8851000000004,4657920.0,569956.612,5330593.4,10671642.0,445423.952,1976483.0,1.5204712401044513,6.543204784491648,1.8147216497687235,28.132073536788816,1.563177212146194,24.974958971087435,11.967460160292413,30826325.852355745,3098511.0,9.948754692933395,0.4190203131944435,2.2974473868486687,1.878427073654225,0.5959320949468443,3.3369103324331424,0.4467204245044974,3.217873681733966,2.4821913132873346,9.159993997539445,0.0,1,0,0,19
Spain,Ten Years' War in Cuba,1868,1878,10,Won,Cuban rebels,Cuba,Colonial / Eastern,Defensive,Away,Madrid,Havana,7440,1698.7675035479258,16088.0,1130.842105263158,1316.5,34.1459244,26.819187000000003,89208.326,7409144.8,14429333.0,3684.13994,420209.864,311141.204,5581818.8,10756652.0,353349.896,963150.1,1.50221458472543,12.220281048233954,1.2731901380903154,24.21415240811944,17.63201065646569,46.37551315768515,15.796859892099699,27329771.59707903,1488753.6315789474,18.35748442010081,0.4069404091331944,2.910037361649318,2.503096952516124,0.24152567062947744,3.186937272480634,2.86971603735245,3.836771586261206,2.759811179274962,8.914626127827137,1.0,0,0,1,19
Spain,Cuban War of Independence,1895,1898,3,Lost,Cuban rebels,Cuba,Colonial / Eastern,Defensive,Away,Madrid,Havana,7440,2584.8320355673004,18157.0,1719.9,1603.5,39.9612215,34.2993185,118714.515,8137322.25,15658768.0,5764.62025,478103.78,371084.56,7352471.25,11041144.5,542909.435,1037471.2999999999,1.5028967007194025,11.323355160586217,1.1650733381189484,20.59364014481266,17.01999145457499,42.197304032266935,13.542721448559831,46932795.26979547,2757859.6500000004,17.017833111919042,0.4073943796793043,2.8342618008167615,2.4268674211374575,0.15278403621138484,3.0249822972940232,2.8343886210637264,3.742356333509896,2.6058492405343565,8.914626127827137,0.0,0,0,1,19
Spain,Philippine Revolution,1896,1898,2,Lost,Philippine rebels,Philippines,Colonial / Eastern,Defensive,Away,Madrid,Manila,11655,2328.1600686765682,18238.0,1058.375,6984.8,40.1766028,17.8855784,119657.716,8147118.4,15753283.4,31798.1322,267942.008,2748850.98,7408102.9,11025589.8,1252267.98,5730952.6,2.1997496810455353,2.611098385064712,2.246312749941595,3.7630422833451833,30.406275077254783,5.7308611905909865,5.915748879884321,42460983.33252325,7392537.7,5.743762839724612,0.7883435725477436,1.7481145425447564,0.9597709699970128,0.8092900941474129,1.325227748153321,3.4146490041260753,1.7458658144755368,1.7776180963283446,9.363490551469857,0.0,0,0,1,19
Spain,Spanish-American War,1898,1898,1,Lost,United States,United States,European,Defensive,Away,Madrid,Washington,6088,2624.471742624925,18402.0,7426.9112000000005,73781.0,40.6073654,38.7,121544.118,8166710.7,15942314.2,5090584.279999999,132781408.0,140701534.0,7519366.2,10994480.4,28576445.6,45021006.0,0.35337324924861424,0.24941380572234045,1.0492859276485786,0.023876260820889506,0.06150492620171644,0.11330590183899487,0.2631316121414344,48295529.00778387,547964935.2472,0.08813616693556606,-1.0402304173531658,-2.4288723088782938,-1.3886418915251282,0.048109863911561856,-3.734870584757786,-2.7886380065366483,-2.1776640219341807,-1.3351009455826157,8.714074899541522,0.0,0,0,0,19
Spain,Rif War,1921,1927,6,Won,Rif Republic,Morocco,Colonial / Eastern,Offensive,Away,Madrid,Ajdir,588,3317.854156186495,21411.0,1388.6486486486488,6026.110054054054,45.5611342,20.046094,160036.75,9270756.7,18252061.0,36213.7133,10074598.9,4284679.45,9814604.1,11717395.9,1520574.09,6060702.25,2.3892682712903914,3.5530383295266557,2.27281854509911,4.419230601242982,0.9202109971842153,4.259842822080891,6.454538561813847,71038575.33810905,8368149.583170198,8.489161747416652,0.8709871564260664,2.138790261339966,1.2678031049138996,0.8210207111070537,1.485965608820325,-0.08315229046908997,1.4492322633754537,1.8647835363543792,6.376726947898627,1.0,1,0,1,20
Spain,Ifni War,1957,1958,1,Won,Morocco,Morocco,Colonial / Eastern,Defensive,Away,Madrid,Rabat,763,4893.488966334898,29841.614,2263.0,11406.35,55.247814,27.07611,270557.03,12198471.0,20872106.0,37634.51,14914152.0,6338853.0,16368829.0,13259183.0,3035895.0,8176554.0,2.162390175136941,2.6162281536161873,2.040463493463426,7.189067427741188,0.8179124766865726,3.292725986862292,5.391763878526761,146029608.84662503,25812570.05,5.657306055296305,0.7712141724703994,1.732947816947459,0.9617336444770597,0.7131769847276553,1.9725614592512792,-0.2009999448196283,1.1917157891401229,1.684872581576735,6.637258031284457,1.0,0,0,1,20
Denmark,Conquest of Estonia,1219,1227,8,Won,Estonian tribes,Estonia,Colonial / Eastern,Offensive,Away,Copenhagen,Tallinn,836,,465.12,,,0.29199998650000003,0.028207746479999997,230.7337616,1322239.126,641165.9593999999,1.378809124,321538.0646,110953.02144000001,1612.512735,546079.7475,15.46910169,54194.36275,,,10.351765842302765,167.34278703540113,4.112232023430547,5.7787156318832,104.24087754510067,,,,,,,2.3371571179415485,5.120044325655265,1.4139659524925343,1.7541814489754572,4.646704351287492,6.728628613084702,1.0,1,0,1,13
Denmark,Danish-German War,1225,1227,2,Lost,Hanseatic League,Germany,European,Defensive,Home,Copenhagen,Kiel,216,,468.0,,7325.0,0.2999999875,5.55000005,239.08052,1307939.65,644646.755,45046.942500000005,15723912.0,10908722.75,1670.845125,549896.0625,388500.0,6361500.0,,0.06389078498293516,0.054054051314828364,0.0053073639792534195,0.08318156766585821,0.05909461352842614,0.0043007596525096526,,,,,,-2.750580137967621,-2.9177707827599555,-5.238659992741,-2.4867294981768,-2.8286155003747333,-5.448963608511419,5.375278407684165,0.0,0,1,0,13
Denmark,First Dano-Hanseatic War,1361,1365,4,Won,Hanseatic League,Germany,European,Offensive,Away,Copenhagen,Lübeck,234,,533.28,1755.9737105980819,9637.0,0.522,9.657,343.415,970249.9639999999,528494.2264,81148.84836,15213101.35,9064260.92,2400.0,475600.0,699855.0,6775145.0,,0.05533672304659126,0.05405405405405406,0.004231914647469927,0.06377726287874891,0.05830527508689589,0.003429281779797244,,16922318.649033714,,,,-2.894318521291858,-2.917770732084279,-5.465100752996743,-2.7523585333611003,-2.84206270795398,-5.675404433375317,5.455321115357702,1.0,1,0,0,14
Denmark,Great Hanseatic War,1367,1370,3,Lost,Hanseatic League,Germany,European,Defensive,Home,Copenhagen,Cologne,645,,536.16,1755.9737105980819,9739.0,0.534,9.879,343.415,954615.9079999999,512789.7208,81534.96492,15044131.45,8707253.24,2400.0,463600.0,703185.0,6621815.0,,0.05505288017250231,0.05405405405405406,0.004211874014258177,0.0634543716380516,0.05889224841242816,0.003413042087075236,,17101427.96751472,,,,-2.899461097972199,-2.917770732084279,-5.469847596302538,-2.7574341882503,-2.8320458028864626,-5.680151277731537,6.4692503167957724,0.0,0,1,0,14
Denmark,Dano-Swedish War of 1501,1501,1520,19,Won,Sweden,Sweden,European,Offensive,Away,Copenhagen,Stockholm,521,,600.5,1828.0,552.1,0.905000001,0.9050000406,778.9797014,940544.4606,635399.6476,414.1821415,90228.1885,421810.98000000004,5444.0,595556.0,4631.637155,505737.7775,,1.0876652780293425,0.9999999562430958,1.8807660286338057,10.424064543864803,1.5063610899839543,1.175394319074202,,1009238.8,,,,0.08403345223003933,-4.375690516843415e-08,0.6316791558910022,2.344117031655332,0.4096968682236751,0.16160368199960637,6.255750041753367,1.0,1,0,0,16
Denmark,Swedish War of Liberation,1521,1523,2,Lost,Sweden,Sweden,European,Defensive,Away,Copenhagen,Stockholm,521,,610.5,2192.0,594.1,1.005000021,1.0050000526,904.8985294,931134.8726,650766.5996000001,523.7109714999999,97563.1585,459152.58,6324.0,614676.0,5863.1102550000005,556198.3275,,1.0276047803400101,0.9999999685572156,1.7278586446417423,9.543918902543524,1.4173210125488134,1.0786084049173317,,1302267.2,,,,0.027230638189063645,-3.144278487049212e-08,0.5468828641664646,2.2559041875406876,0.34876847884023326,0.07567169632279236,6.255750041753367,0.0,0,0,0,16
Denmark,Conquest of Dithmarschen,1559,1559,1,Won,Dithmarschen,Germany,European,Offensive,Away,Copenhagen,Kiel,216,,629.5,1544.296861739268,14360.0,1.195000059,8.376999999999999,1144.1443026,913256.6553999999,679963.8084000001,104863.71276,14828010.55,9195236.89,7996.0,651004.0,904380.0,9865620.0,,0.04383704735376045,0.14265250793840278,0.010910774303963333,0.06158996531061949,0.07394739434494331,0.00884141621884606,,22176102.93457589,,,,-3.1272759891178135,-1.9473436204158145,-4.518004509706571,-2.787256322514071,-2.6044013258086056,-4.728308209412339,5.375278407684165,1.0,1,0,0,16
Denmark,Northern Seven Years' War,1563,1570,7,Indecisive,Sweden,Sweden,European,Offensive,Away,Copenhagen,Stockholm,521,,631.5,1565.0,682.3,1.215000063,1.2150000778,1169.3280682,911374.7378,683037.1988,753.7215145,112966.5955,537569.9400000001,8172.0,654828.0,8449.203765,662165.4825,,0.9255459475304119,0.9999999878189307,1.5514059844446697,8.067648084517161,1.270601549632779,0.967191729219706,,1067799.5,,,,-0.07737150203083212,-1.2181069338561238e-08,0.43916160651509273,2.0878620004640394,0.23949044945665027,-0.03335853097979341,6.255750041753367,,1,0,0,16
Denmark,Kalmar War,1611,1613,2,Won,Sweden,Sweden,European,Offensive,Away,Copenhagen,Stockholm,521,2031.0,655.5,1513.0,815.0,1.686000089,1.686000089,1751.702657,904830.05,717963.4168,1318.3384165,135390.2769,652600.924,12242.0,698758.0,15567.36421,816889.426,1.3423661599471248,0.8042944785276074,1.0,1.3287200274801367,6.6831243034410255,1.1001569112090317,0.7863887447392098,1331320.5,1233095.0,1.0796576906077797,0.2944338477920287,0.0766440377549207,-0.21778981003710815,0.0,0.2842160934902672,1.8995855883022417,0.09545281618493782,-0.24030402263816264,6.255750041753367,1.0,1,0,0,17
Denmark,Thirty Years' War,1625,1629,4,Lost,Habsburg Empire,Austria,European,Offensive,Away,Copenhagen,Vienna,870,2031.0,662.5,1941.0,2500.0,2.050000075,3.45,2196.425075,918655.75,726232.78,5476.908175,2669123.0,903355.1725,15350.0,709650.0,72690.0,2032310.0,1.0463678516228747,0.265,0.594202920289855,0.40103375934361,0.3441788744842407,0.8039282910067137,0.21117072499656073,1345537.5,4852500.0,0.2772874806800618,0.04532497841137434,-1.2827004745845405,-1.3280254529959148,-0.5205344013075865,-0.9137096673298676,-1.0665937727877384,-0.21824520407101822,-1.5550883494633378,6.76849321164863,0.0,1,0,0,17
Denmark,Torstenson War,1643,1645,2,Lost,Sweden,Sweden,European,Defensive,Home,Copenhagen,Stockholm,521,2031.0,671.5,1670.0,975.0,2.518000057,2.518000057,2768.2110410000005,936431.65,736864.8184,2371.3960644999997,161147.3297,786270.812,19346.0,723654.0,29647.175729999995,995425.9380000001,1.2161676646706587,0.6887179487179487,1.0,1.1673339103662836,5.811028030953466,0.9371641515290027,0.6525410776455097,1363816.5,1628250.0,0.8375964993090742,0.19570465616958393,-0.17721879886497097,-0.372923455034555,0.0,0.15472243951263295,1.7597574968558076,-0.06489682368932845,-0.42688118752083204,6.255750041753367,0.0,0,1,0,17
Denmark,Dano-Swedish War of 1657,1657,1658,1,Lost,Sweden,Sweden,European,Defensive,Home,Copenhagen,Stockholm,521,2031.0,678.5,1715.0,1045.0,2.882000043,2.882000043,3212.9334590000003,950257.35,745134.1816,2832.1087855,172416.0403,844751.388,22454.0,734546.0,35807.09327,1073535.662,1.1842565597667638,0.6492822966507177,1.0,1.1344668239616251,5.51142079557432,0.8820751195971992,0.6270824562800376,1378033.5,1792175.0,0.7689168189490424,0.16911520198034435,-0.2627724831436431,-0.43188768512398756,0.0,0.12616278193809816,1.7068224475612497,-0.12547805699073422,-0.46667723777723485,6.255750041753367,0.0,0,1,0,17
Denmark,Dano-Swedish War of 1658,1658,1660,2,Won,Sweden,Sweden,European,Defensive,Home,Copenhagen,Stockholm,521,2031.0,679.0,1819.0,1050.0,2.9080000420000003,2.9080000420000003,3244.6993460000003,951244.9,745724.8504,2865.016837,173220.94819999998,848928.572,22676.0,735324.0,36247.08738,1079114.928,1.1165475536008795,0.6466666666666666,1.0,1.1325236571375863,5.491511909412352,0.8784306183064834,0.6255950929870272,1379049.0,1909950.0,0.7220340846619021,0.11024138306226237,-0.32568293253061054,-0.43592431559287304,0.0,0.1244484674615855,1.7032036109432385,-0.1296183519280707,-0.4690519334726109,6.255750041753367,1.0,0,1,0,17
Denmark,Scanian War,1675,1679,4,Indecisive,Sweden,Sweden,European,Offensive,Away,Copenhagen,Stockholm,521,2031.0,687.5,1753.0,1135.0,3.350000025,3.350000025,3784.7194250000002,968033.25,755766.22,3424.4537125,186904.38249999998,919940.7,26450.0,748550.0,43726.98724999999,1173962.45,1.1585852823730747,0.6057268722466961,1.0,1.1052038493570382,5.179296691986343,0.8215379752194897,0.6048896039596234,1396312.5,1989655.0,0.7017862393228977,0.14719967665915015,-0.3541264237156264,-0.5013261003747767,0.0,0.1000297970116907,1.6446692733054917,-0.1965771158909585,-0.5027093103954923,6.255750041753367,,1,0,0,17
Denmark,Great Northern War,1700,1721,21,Won,Sweden,Sweden,European,Offensive,Away,Copenhagen,Stockholm,521,2031.0,700.0,2002.0,1260.0,4.0,4.0,4578.8666,992722.0,770532.94,4247.155,207027.08,1024370.3,32000.0,768000.0,54726.84,1313444.1,1.0144855144855145,0.5555555555555556,1.0,1.0781020706802555,4.795131149026495,0.7522015622670825,0.5847222313585071,1421700.0,2522520.0,0.5636030636030636,0.014381601705218799,-0.5734050631969003,-0.587786664902119,0.0,0.07520215323658976,1.5676010591660554,-0.2847509560176106,-0.5366183627027195,6.255750041753367,1.0,1,0,0,18
Denmark,Dano-Algerian War,1770,1772,2,Lost,Regency of Algiers,Algeria,Colonial / Eastern,Offensive,Away,Copenhagen,Algiers,2223,2031.0,965.4166666666666,685.0,2297.75,10.210394,4.261638,13731.514,657542.0,796876.1,3497.4895,8001000.0,1177194.6,95977.7,844022.3,97921.79,2199828.2,2.964963503649635,0.42015740035542015,2.3958848686819487,3.9261058539275098,0.08218247719035121,0.6769280966800221,0.9801465026323559,1960761.25,1573958.75,1.2457513578421289,1.0868647233181594,0.2197388481584167,-0.8671258751597426,0.8737526276303923,1.3676480577749275,-2.4988131725113414,-0.3901902204548384,-0.020053226008411203,7.706612913964197,0.0,1,0,1,18
Denmark,Napoleonic Wars,1807,1814,7,Lost,United Kingdom,United Kingdom,European,Defensive,Home,Copenhagen,London,955,2031.0,1105.7083333333333,3454.0,19865.98333333333,15.0953849,31.0464441,22657.9881,607325.625,840629.16,75734.292,4950675.75,7865686.95,159396.37,894853.65,3774203.99,8381261.75,0.5880138969310944,0.0556583741554869,0.4862194475920674,0.2991773937755964,0.12267529841759481,0.10687294896728633,0.0422331093979899,2245693.625,68617106.43333332,0.03272789748401676,-0.5310046971262392,-3.4195274307231585,-2.8885227335969192,-0.7210952187390813,-1.2067185912991265,-2.0982142644222543,-2.2361145428587292,-3.164550782673677,6.86171134048073,0.0,0,1,0,19
Denmark,First Schleswig War,1848,1850,2,Won,Prussia,Germany,European,Defensive,Home,Copenhagen,Berlin,355,2570.0,1470.0,2202.5587718673514,33289.0,23.2449434,14.1993094,40519.9156,649459.9400000001,1120589.22,480602.528,12209481.0,14185629.4,342379.04,1128220.94,4718466.4,28503533.6,1.1668247098900921,0.044158731112379467,1.6370474609138386,0.08431065847410607,0.053193083309601784,0.07899467752907742,0.07256150854438637,3777900.0,73320978.95669226,0.051525498619316754,0.15428613627269872,-2.9656784750216425,-3.1199646112943413,0.49289429058560374,-2.473246986923787,-2.933826904064368,-2.5383748018344345,-2.623320683088362,5.872117789475416,1.0,0,1,0,19
Denmark,Second Schleswig War,1864,1864,1,Lost,Prussia,Germany,European,Defensive,Home,Copenhagen,Berlin,355,2922.0,1777.0,2837.0,37602.0,27.526136,14.6566396,48142.5596,689294.74,1322853.8,483244.456,11543724.8,14725126.0,489332.72,1283467.28,5472342.6,31849458.0,1.0299612266478675,0.04725812456784213,1.8780659654072411,0.0996236149266863,0.059711640041869324,0.08983650122925943,0.08941924067400313,5192394.0,106676874.0,0.048674035948972405,0.029521157501793467,-3.022609533796286,-3.0521306912980792,0.6302425055191592,-2.3063560448372993,-2.8182283020131473,-2.40976391377536,-2.4144193998920356,5.872117789475416,0.0,0,1,0,19
Denmark,World War II,1940,1945,5,Lost,Germany,Germany,European,Defensive,Home,Copenhagen,Berlin,355,8155.0,3832.0,8612.0,69835.0,61.22374,53.234703,92654.88,596616.2,2578025.2,1259652.4,11794427.0,14598191.0,2600615.5,1647108.6,37176456.0,32658544.0,0.946934509986066,0.05487219875420634,1.1500719746666004,0.07355591113866017,0.05058458541478954,0.1765989498287836,0.06995329248167173,31249960.0,601419020.0,0.051960378639172404,-0.05452534342913937,-2.95727380007826,-2.9027484566491206,0.13982452708330403,-2.609709466181641,-2.984108385171064,-1.733873937439338,-2.659927509905141,5.872117789475416,0.0,0,1,0,20
Portugal,Portuguese Reconquista,1200,1249,49,Won,Almohad Caliphate,Morocco,Colonial / Eastern,Offensive,Home,Lisbon,Marrakesh,795,1210.9472827653544,760.0,,1800.0,13.2,0.010735753,7643.1564,330903.6,400540.97,4.8713006000000005,2345423.8,1010951.0,109012.016,716836.6,193.24356,1799806.8,,0.4222222222222222,1229.536484306224,1569.017604867168,0.14108477964622002,0.3962021601442602,564.1172000764217,920319.9349016694,,,,,-0.8622235106038793,7.1143925353162025,7.35820497310805,-1.9583942952101387,-0.9258306925764157,6.335262031464246,6.678342114654332,1.0,1,1,1,13
Portugal,Luso-Castilian War,1336,1339,3,Indecisive,Crown of Castile,Spain,European,Defensive,Home,Lisbon,Valladolid,496,1239.865406581942,868.8,1469.5297012917704,5881.6,31.555998440000003,31.555998080000002,23488.680959999998,388570.91079999995,488360.2896,30811.469839999998,3907952.44,5234583.24,335011.9204,696381.228,2198940.0,4581060.0,0.8437157857320303,0.14771490750816102,1.0000000114082908,0.7623356198835596,0.09943081876400726,0.09329497062310542,0.1523515513838486,1077195.065238391,8643185.891117677,0.12462939925258228,-0.16993958786110044,-2.0824107514027426,-1.9124711635416425,1.1408290691445952e-08,-0.27136837422196003,-2.308293165446896,-2.371989078014743,-1.8815645905773324,6.206575926724928,,0,1,0,14
Portugal,Battle of Aljubarrota,1383,1385,2,Won,Castile,Spain,European,Defensive,Home,Lisbon,Valladolid,496,1249.859169959733,906.4000000000001,1305.1014911598227,6144.799999999999,25.49300032,25.492999490000003,16146.87488,323041.40989999997,412796.6788,21422.48852,3322369.5700000003,5653939.095,230297.9837,650148.409,1525195.0,4314805.0,0.9576720112770718,0.14750683504751988,1.0000000325579577,0.7537347897246066,0.09723223232507512,0.07301045728721278,0.1509957636236678,1132872.351651502,8019587.642878877,0.14126316739707365,-0.04324992781941726,-1.9571306927900927,-1.9138807649706755,3.255795713320483e-08,-0.28271471061419207,-2.3306530142029525,-2.6171525975833565,-1.8905034980331736,6.206575926724928,1.0,0,1,0,14
Portugal,Conquest of Ceuta,1415,1415,1,Won,Marinid Sultanate,Morocco,Colonial / Eastern,Offensive,Away,Lisbon,Fez,639,1256.6634343871654,932.0,,1585.0,21.8750007,0.12560830439999998,13132.331349999999,315976.0425,406175.777,53.70608824999999,2300371.325,987511.869,187302.4695,686720.66,2130.5101999999997,1752869.48,,0.58801261829653,174.15250372570114,244.52220926740088,0.13735871207662526,0.41131229887020226,87.91437351485106,1171210.3208488382,,,,,-0.5310068716257899,5.159931373543009,5.4993061402391294,-1.9851594386990667,-0.8884025017610203,4.476363312538592,6.459904454377535,1.0,1,0,1,15
Portugal,Portuguese Moroccan Campaigns,1458,1471,13,Won,Wattasid Morocco,Morocco,Colonial / Eastern,Offensive,Away,Lisbon,Fez,639,1265.8066647115274,966.4000000000001,,1542.0,17.78999984,0.20870302487999998,12103.20762,363668.181,465546.21239999996,81.98398689999999,2133671.29,915249.7068,172624.38940000001,839498.9720000001,3252.2890399999997,1622747.696,,0.6267185473411155,85.2407378869036,147.62892215479704,0.17044245882879175,0.5086548610080363,53.07781297322824,1223275.5607772202,,,,,-0.4672577269427241,4.445479463773235,4.99470184252901,-1.7693575240945236,-0.6759855651026297,3.971759006151489,6.459904454377535,1.0,1,0,1,15
Portugal,War of the Castilian Succession,1475,1479,4,Lost,Spain,Spain,European,Offensive,Away,Lisbon,Valladolid,496,1269.4214301886009,980.0,1135.2634804266747,6660.0,16.1749995,16.17499925,11696.34475,382523.2125,489018.245,14107.89425,3451054.375,7139738.25,166821.4275,899899.7000000001,993125.0,5256875.0,1.1181734038617226,0.14714714714714713,1.0000000154559512,0.8290638236106711,0.11084241826818507,0.06849246119071661,0.1679762643171806,1244033.0015848288,7560854.779641653,0.16453602639406728,0.1116964645499768,-1.8046257273198405,-1.9163221918698172,1.545595106612909e-08,-0.18745813813640827,-2.1996457415766324,-2.681031595380497,-1.783932593386684,6.206575926724928,0.0,1,0,0,15
Portugal,Portuguese-Mamluk Naval War,1505,1517,12,Won,Mamluk Sultanate,Egypt,Colonial / Eastern,Offensive,Away,Lisbon,Cairo,3796,1275.8004280893188,1005.0,1082.0,4050.0,13.74249905,3.0505367150000002,11356.97075,419949.087,538201.203,3018.143885,0.0,386047.63899999997,161981.038,1019441.28,123611.4525,3926388.525,1.1791131498052854,0.24814814814814815,4.504944648732083,3.7628990474720196,,1.394131575041183,1.310404778230399,1282179.4302297654,4382100.0,0.29259474458131157,0.16476258794716173,-1.228966751660247,-1.3937293396074086,1.5051756043548719,1.3251896835798984,,0.33227169457083394,0.27033608050073943,8.241703159729818,1.0,1,0,1,16
Portugal,Capture of Hormuz,1507,1515,8,Won,Safavid Persia,Iran,Colonial / Eastern,Offensive,Away,Lisbon,Isfahan,5434,1276.2256946160333,1007.0,918.1253435953821,4070.0,13.71949907,2.526240562,11460.55225,423828.2418,544067.3082,3500.126419,5202225.345,3764234.656,163458.3892,1031728.072,102883.9238,3967116.115,1.3900342731182311,0.24742014742014742,5.4307967643185995,3.2743252323081307,0.08147056570845261,0.1445359702357514,1.5887651166741368,1285159.2744783454,3736770.148433205,0.3439224847739702,0.32932840375821426,-1.0673389819598642,-1.3966673857180785,1.6920858569418302,1.1861118119224472,-2.5075134809197004,-1.934226873440187,0.4629570582986918,8.600430789986293,1.0,1,0,1,16
Portugal,Conquest of Goa,1510,1510,1,Won,Bijapur Sultanate,India,Colonial / Eastern,Offensive,Away,Lisbon,Bijapur,8409,1276.863594406105,1010.0,1264.0,112500.0,13.684999099999999,13.262314100000001,11615.9245,429646.974,552866.466,341673.99600000004,2264416.1399999997,30424294.6,165674.416,1050158.26,17462118.2,114155950.4,1.0101768943086273,0.008977777777777777,1.0318711347667446,0.0339970985090712,0.18973852306140163,0.018171874591301124,0.009487647151535144,1289632.230350166,142200000.0,0.009069143673348566,0.010125458397273555,-4.702877432394033,-4.713002890791307,0.03137378985046774,-3.381480095975961,-1.662108349060553,-4.007880232313883,-4.657764626337438,9.037057839832897,1.0,1,0,1,16
Portugal,Capture of Malacca,1511,1511,1,Won,Malacca Sultanate,Malaysia,Colonial / Eastern,Offensive,Away,Lisbon,Malacca,11686,1277.0762276694622,1011.0,,,13.67349911,0.2760042511,11667.71525,431586.5514,555799.5186,94.38104,20034.5206,128754.88565,166413.0916,1056301.656,1166.887203,405723.1152,,,49.54090038651582,123.62350796304003,21.542145181152975,4.316725658945898,142.61283453290216,1291124.0661738263,,,,,,3.9027985988358136,4.817240720814756,3.070011257352205,1.4624971655491288,4.960133507667144,9.366146823114383,1.0,1,0,1,16
Portugal,Ottoman-Portuguese Conflicts,1538,1559,21,Indecisive,Ottoman Empire,Turkey,Colonial / Eastern,Defensive,Away,Lisbon,Constantinople,3237,1209.875177056,1038.0,784.2133333333334,6908.0,13.36299938,2.34452699,13066.0655,483955.14119999995,634991.9388,5412.244168,6754185.9,8340831.53,186357.3328,1222173.348,162484.4776,6752515.73,1.5427883276523393,0.1502605674580197,5.69965687620427,2.414167782239643,0.07165262377513179,0.0761305316521601,1.146923912687645,1255850.433784128,5417345.706666667,0.2318202495806497,0.4335913816325841,-1.4617929939081513,-1.8953843755407354,1.7404059758714372,0.8813546240875846,-2.635925506046511,-2.5753058902106636,0.1370835000163461,8.082402253926244,,0,0,1,16
Portugal,France Antarctique,1555,1567,12,Won,France,France,European,Defensive,Away,Lisbon,Paris,1453,1347.503148446,1055.0,1388.475441413815,16925.0,13.16749955,6.782416700000001,13946.50825,516927.95699999994,684853.833,81783.0465,23350356.7,17421225.85,198914.818,1326611.08,1138246.91,15625203.15,0.9704911648087238,0.062333825701624816,1.9414170689335557,0.17053055427569577,0.022137904086064773,0.03931146056521619,0.1747554210360211,1421615.8216105301,23499946.845928818,0.06049442711215383,-0.029952980166470525,-2.8052040320367793,-2.775251051870309,0.6634181543319013,-1.7688407943506526,-3.8104640225755304,-3.2362391851834946,-1.7443678766840225,7.2813856635702825,1.0,0,0,0,16
Portugal,Battle of Alcácer Quibir,1578,1578,1,Lost,Saadi Sultanate (Morocco),Morocco,Colonial / Eastern,Offensive,Away,Lisbon,Marrakesh,795,1325.8011312682502,1078.0,685.0,2085.0,12.90299978,0.7420552482,15137.695500000002,561538.2372,752314.0427999999,408.8239132,2745776.83,1174947.1572,215904.3568,1467909.188,16217.965400000001,2068781.96,1.9354761040412412,0.5170263788968825,17.388192875528805,37.0274218587466,0.20450978792766633,0.6402960662442292,13.312666014196823,1429213.6195071738,1428225.0,1.0006922015138888,0.6603533448168772,0.0006919620529180346,-0.6596613827639594,2.8557914055154967,3.611658769459505,-1.5871394419176896,-0.44582460608982566,2.588715913941883,6.678342114654332,0.0,1,0,1,16
Portugal,Dutch-Portuguese War,1598,1663,65,Indecisive,Dutch Republic,Netherlands,European,Defensive,Away,Lisbon,The Hague,1812,1041.8305505790001,1098.0,3957.219251336898,1489.0,12.67299998,21.768001979999998,16173.5105,600329.7851999999,810975.0948,9049.262319999998,1965467.164,281402.7428,230677.8688,1590777.108,334970.1056,1199077.5411999999,0.26327339588955817,0.7374076561450638,0.5821848046340541,1.7872739156046482,0.3054387253044945,2.8819018845753765,0.6886521063926249,1143929.944535742,5892299.4652406415,0.19413981778827052,-1.3345622586423727,-1.639176669256906,-0.3046144106145331,-0.5409673479183782,0.5806915068060409,-1.1860060923224227,1.058450452783856,-0.37301906089607295,7.502186486602924,,0,0,0,16
Portugal,Fall of Hormuz,1602,1622,20,Lost,Safavid Persia,Iran,Colonial / Eastern,Defensive,Away,Lisbon,Isfahan,5434,1445.76886752025,1118.0,905.6432105552501,5000.0,12.627,2.6224533379999997,16247.4973,603325.5791999999,816377.516,4460.813150000001,6341642.42,4476869.47,231733.1196,1603486.0019999999,131122.6668,4868877.23,1.5964000510022582,0.2236,4.814956978273602,3.6422725529312965,0.09513711736525188,0.18235454964024225,1.7673002330974554,1616369.5938876395,4528216.052776251,0.3569550514041049,0.46775112614073633,-1.0301454115604567,-1.497896537701193,1.571727110272187,1.292607814565551,-2.352436087309716,-1.7018024119962367,0.5694530901082785,8.600430789986293,0.0,0,0,1,17
Portugal,Portuguese Restoration War,1640,1668,28,Won,Spain,Spain,European,Defensive,Home,Lisbon,Madrid,503,1424.6606934332501,1460.0,1064.4811266451898,8452.0,12.19,18.35,15685.198,586541.7239999999,807567.52,22473.5896,4314859.82,7479848.9,223713.212,1611505.94,1519150.0,6780850.0,1.338361627813167,0.17274017983909135,0.6643051771117165,0.6979391489822347,0.1359352907089343,0.10796575315846287,0.14726209525063358,2080004.6124125451,8996994.482405145,0.23118882827818546,0.2914462000860894,-1.4645204639474758,-1.7559666640335652,-0.40901363100739924,-0.35962335912863014,-1.9955763100873187,-2.2259412025294782,-1.9155413189027108,6.220590170099739,1.0,0,1,0,17
Portugal,War of the Spanish Succession,1701,1714,13,Won,France,France,European,Offensive,Away,Lisbon,Paris,1453,1790.6336903000001,2010.8083333333334,1776.4617571071435,21552.491666666665,11.4999999,7.19260623,15274.0037,575993.72,820825.3,87487.854,27129599.4,21088439.0,217848.46800000002,1676486.1,1587183.31,20465214.6,1.0079776179454236,0.09329818400734023,1.5988641018653402,0.17458427657855224,0.021231191493376787,0.03892299946904558,0.13725476233743916,3600621.1464026594,38287177.216203734,0.09404248127435261,0.007945964983432509,-2.364008670350479,-2.3719546353339114,0.4692934407874388,-1.7453476935919183,-3.8522838817435203,-3.2461699570838944,-1.9859165009253303,7.2813856635702825,1.0,1,0,0,18
Portugal,Seven Years' War,1762,1763,1,Won,Spain,Spain,European,Defensive,Home,Lisbon,Madrid,503,2028.034700965,2670.116666666667,1314.106476224776,10543.716666666667,11.499999,20.9440002,21993.0938,755415.35,1167610.8,33509.5384,5090095.2,9471056.8,313680.82,2413978.44,2180229.2,8230408.6,1.5432803487821085,0.25324245245588606,0.5490832166817875,0.6563233888056184,0.14840888437607216,0.12328199742187165,0.14387515771277623,5415089.2556249965,13855566.355145777,0.3908241003525564,0.43391024759800817,-0.9394976914402716,-1.3734079390382798,-0.5995052703041394,-0.42110164076793233,-1.9077840822775705,-2.0932808857826517,-1.938809315761534,6.220590170099739,1.0,0,1,0,18
Portugal,War of the Oranges,1801,1801,1,Lost,France,France,European,Defensive,Home,Lisbon,Paris,1453,1391.34143095675,3091.6416666666664,1579.590035657268,29701.658333333333,11.4999991,26.459013799999997,23795.6958,768939.52,1245969.41,183565.117,16770334.2,24860326.2,339390.784,2611833.42,7432095.55,20643980.6,0.8808243908539296,0.10408986703604371,0.4346344571618161,0.12963081542339006,0.045851174510284955,0.05011878766095997,0.04566555713886106,4301529.140505511,46916443.54582999,0.09168489372608973,-0.12689700225188702,-2.389397649101605,-2.2625006468497184,-0.833249929530898,-2.0430647499989334,-3.0823544642438536,-2.9933593379746752,-3.0864109383466,7.2813856635702825,0.0,0,1,0,19
Portugal,Peninsular War,1808,1814,6,Won,France,France,European,Defensive,Home,Lisbon,Paris,1453,1446.0949021155002,3167.3,2022.1609462729605,30272.1,11.4999998,27.8075694,24134.9424,768822.06,1260459.48,197884.296,17193737.6,25752953.6,344229.352,2649069.3600000003,8199932.9,21266186.8,0.7151235438409559,0.10462769348674193,0.4135564541645988,0.12196492034921255,0.04471523748274488,0.04894426866827423,0.041979532783737776,4580216.383470424,61215058.381669685,0.07482172695014419,-0.33529996262560874,-2.5926469689312324,-2.257347006305624,-0.8829612462326024,-2.1040218137171007,-3.1074409521672366,-3.0170730022891656,-3.170573094148063,7.2813856635702825,1.0,0,1,0,19
Portugal,Conquest of the Banda Oriental,1816,1820,4,Won,Banda Oriental,Uruguay,Colonial / Eastern,Offensive,Away,Lisbon,Montevideo,9505,1372.19171464375,3253.7666666666664,1954.0,55.0,11.5,23.0513438,24528.5868,768216.664,1277172.68,646.9631360000001,524618.252,69187.19,349843.77999999997,2692276.08,12438.38,41461.620200000005,0.7022475509947543,59.15939393939394,0.4988863165539182,37.91342262814801,1.4643346110649615,18.459669774130152,28.126153084244088,4464791.661384012,107470.0,41.5445395122733,-0.35346930037338525,3.726766092984588,4.080235393357973,-0.695377031723353,3.6353052084429036,0.3814009488939854,2.915588340189357,3.3366998582350673,9.15957325492253,1.0,1,0,1,19
Portugal,Brazilian War of Independence,1822,1825,3,Lost,Brazil,Brazil,Colonial / Eastern,Defensive,Away,Lisbon,Rio de Janeiro,7715,1636.7555240400002,3335.0,867.0,4688.8,11.4999998,11.2930658,25005.7724,772436.6399999999,1298600.84,25734.6212,6054503.4,337318.744,356649.73,2744652.36,531847.112,4159689.46,1.8878379746712806,0.7112694079508616,1.0183239878049766,0.9716782775104535,0.1275805113925611,3.849773732111371,0.6705869449188623,5458579.6726734005,4065189.6,1.3427613985515954,0.6354322455403096,0.2947282387278143,-0.34070400681249546,0.018158126635082067,-0.02873051952663231,-2.0590076517693925,1.3480143756924536,-0.3996019129014195,8.950921764797261,0.0,0,0,1,19
Portugal,Indian Annexation of Goa,1961,1961,1,Lost,India,India,Colonial / Eastern,Defensive,Away,Lisbon,New Delhi,7776,4972.0,9031.2,1208.0,444000.0,35.296078,17.99176,63704.81999999999,838000.0,2994447.8,797228.12,13791972.0,160405740.0,2938549.0,5386877.5,82487000.0,375984000.0,4.1158940397351,0.020340540540540544,1.9617912866779017,0.07990789386606181,0.06075998414149913,0.018667959139118086,0.03562438929770752,44903126.400000006,536352000.0,0.08371950957580097,1.4148560741358416,-2.480283239331183,-3.8951393134670242,0.6738579776446383,-2.526880634268193,-2.8008238622569177,-3.9809466397164357,-3.334724783060748,8.958797346140274,0.0,0,0,1,20
Portugal,Angolan War of Independence,1961,1974,13,Lost,MPLA,Angola,Colonial / Eastern,Defensive,Away,Lisbon,Luanda,5772,4972.0,9031.2,2225.0,4752.489,35.296078,9.5889225,63704.81999999999,838000.0,2994447.8,14699.007,54000000.0,3170000.0,2938549.0,5386877.5,551653.0,5201371.0,2.2346067415730335,1.9003095009793818,3.6809222308345904,4.333953987504054,0.015518518518518518,0.9446207570977917,5.326806887663078,44903126.400000006,10574288.024999999,4.246444421963814,0.8040652580302611,1.4460820261889713,0.64201676815871,1.3031633269894016,1.4664802864228437,-4.1657212250643285,-0.05697174727733842,1.6727519756657945,8.660773919893762,0.0,0,0,1,20
Portugal,Guinea-Bissau War of Independence,1963,1974,11,Lost,PAIGC,Guinea-Bissau,Colonial / Eastern,Defensive,Away,Lisbon,Bissau,3054,5585.0,9081.6,932.0,633.939,36.300926,13.214869,66565.83,837999.8,3006279.5,4451.6796,1080000.0,278000.0,3035804.0,5327079.5,84124.0,552462.0,5.992489270386266,14.325668558015836,2.7469758497038446,14.952969661158901,0.7759257407407408,10.813955035971222,36.08725215158575,50720736.0,590831.1479999999,85.84641512501979,1.79050689681771,4.452559829046107,2.6620529322283972,1.010500615557871,2.704909919652875,-0.2536984582996952,2.380837433005101,3.5859396769803147,8.024207485778577,0.0,0,0,1,20
Portugal,Mozambican War of Independence,1964,1974,10,Lost,FRELIMO,Mozambique,Colonial / Eastern,Defensive,Away,Lisbon,Maputo,8400,5926.0,9122.5,2150.0,8127.242,36.782063,4.3054047,67861.91,837999.8,3012195.2,9335.7185,41087824.0,2678000.0,3075639.5,5286153.0,345725.1,7684300.0,2.7562790697674417,1.1224595010213796,8.543230094025771,7.269061293996814,0.020395331716763585,1.1247928304705004,8.896199610615486,54059935.0,17473570.3,3.093811629326835,1.013881607011802,1.1294038677269431,0.11552226071514114,2.145139167439667,1.9836271627130353,-3.892449241732792,0.11759886800567416,2.1856241755001404,9.035986984831405,0.0,0,0,1,20
Russia,Lithuanian-Muscovite War,1368,1372,4,Indecisive,Grand Duchy of Lithuania,Poland,European,Defensive,Home,Moscow,Vilnius,790,,,956.0,3260.7999999999997,0.05827160556000001,3.461333312,171.00329399999998,3164727.404,8182142.0,8142.041912000001,2574100.26,3842486.92,3419.377668,5864580.7,121146.66623999999,3378853.376,,,0.016835017118397643,0.021002507214801965,1.2294499375871242,2.129387079344957,0.028225107418358295,,3117324.8,,,,,-4.08429420953578,-3.863113457204228,0.2065668641445318,0.7558341821355048,-3.567543363165937,6.672032945461067,,0,1,0,14
Russia,Battle of Kulikovo,1380,1380,1,Won,Golden Horde,,Colonial / Eastern,Defensive,Home,Moscow,Sarai,954,,,,,0.0641975316,,188.39346,3164727.44,8182142.0,,,,3767.11098,5864233.0,,,,,,,,,,,,,,,,,,,,,6.860663671448287,1.0,0,1,1,14
Russia,Great Stand on the Ugra River,1480,1480,1,Won,Golden Horde,,Colonial / Eastern,Defensive,Home,Moscow,Sarai,954,,,,,0.19259259100000004,,715.6106540000001,3894747.9,10067385.2,,,,14309.333300000002,7207290.7,,,,,,,,,,,,,,,,,,,,,6.860663671448287,1.0,0,1,1,15
Russia,Russian-Livonian War,1480,1481,1,Won,Livonian Confederation,Estonia,European,Offensive,Away,Moscow,Riga,841,,,,,0.19259259100000004,0.478305274,715.6106540000001,3894747.9,10067385.2,26.58621532,317887.376,111758.026,14309.333300000002,7207290.7,298.27540000000005,61677.3684,,,0.40265621449116623,26.91660491674676,12.25197410796206,90.0819883844405,47.97356168158688,,,,,,,-0.9096721468818731,3.2927433793173533,2.5056870756775727,4.50072023768729,3.8706500608625105,6.734591659972948,1.0,1,0,0,15
Russia,First Muscovite-Lithuanian War,1487,1494,7,Won,Grand Duchy of Lithuania,Poland,European,Offensive,Away,Moscow,Vilnius,790,,,845.0,3927.2,0.20296296115,5.792,759.2060926,3958624.685,10232343.98,15378.558222,2684819.3109999998,4143150.9699999997,15181.066645000003,7324858.955,228820.0,3706180.0,,,0.03504194771236188,0.049367832903471257,1.474447337584723,2.4697009725426446,0.06634501636657636,,3318484.0,,,,,-3.351209429060302,-3.008456222682451,0.38828323319606256,0.9040970795631617,-2.712886632304848,6.672032945461067,1.0,1,0,0,15
Russia,Russo-Swedish War of 1495,1495,1497,2,Indecisive,Sweden,Sweden,European,Offensive,Away,Moscow,Stockholm,1226,,,1460.0,548.5,0.21481481275000003,0.8700000379999999,809.029451,4031626.725,10420868.3,394.0874635,89431.402,417530.70650000003,16177.333325,7459222.675,4406.604575,499670.3845,,,0.24691356708883275,2.052918516653093,45.080661097094286,24.95832794515677,3.671156113434571,,800810.0,,,,,-1.3987169344086765,0.7192624473577989,3.8084533540395182,3.2172075518806067,1.3005066297435761,7.111512116496157,,1,0,0,15
Russia,Second Muscovite-Lithuanian War,1500,1503,3,Won,Grand Duchy of Lithuania,Poland,European,Offensive,Away,Moscow,Vilnius,790,,,944.0,4000.0,0.22222222,6.0,840.1690500000001,4077253.0,10538696.0,16129.944,2708123.8,4193732.8,16800.0,7543200.0,240000.0,3760000.0,,,0.03703703666666667,0.05208753669572567,1.5055637412144895,2.5129631530172833,0.07,,3776000.0,,,,,-3.295836876004329,-2.954829577732241,0.4091674069437439,0.921462595906121,-2.659260036932778,6.672032945461067,1.0,1,0,0,16
Russia,Fourth Muscovite-Lithuanian War,1512,1522,10,Won,Poland-Lithuania,Poland,European,Offensive,Away,Moscow,Vilnius,790,,,952.0,4120.0,0.2755555576,6.192,1117.4248200000002,4199569.48,10862880.56,17257.48056,2757802.528,4292359.384,22344.0,7764456.0,256800.0,3863200.0,,,0.044501866537467696,0.06475017115708112,1.5227955726930136,2.530748147625283,0.08700934579439253,,3922240.0,,,,,-3.1122241460274,-2.7372189350533795,0.4205478381756521,0.9285149695495167,-2.4417397431729304,6.672032945461067,1.0,1,0,0,16
Russia,Conquest of Kazan,1552,1552,1,Won,Khanate of Kazan,,Colonial / Eastern,Offensive,Away,Moscow,Kazan,717,,,,,0.45333334959999994,,2041.6107200000001,4607291.08,11943495.76,,,,40824.0,8501976.0,,,,,,,,,,,,,,,,,,,,,6.57507584059962,1.0,1,0,1,16
Russia,Conquest of Astrakhan,1556,1556,1,Won,Astrakhan Khanate,,Colonial / Eastern,Offensive,Away,Moscow,Sarai,954,,,,,0.47111112879999995,,2134.0293100000004,4648063.24,12051557.28,,,,42672.0,8575728.0,,,,,,,,,,,,,,,,,,,,,6.860663671448287,1.0,1,0,1,16
Russia,Livonian War,1558,1583,25,Lost,Poland-Lithuania,Poland,European,Offensive,Away,Moscow,Warsaw,1151,,,1103.0,4580.0,0.48000001839999995,6.928,2180.238605,4668449.32,12105588.04,21579.704039999997,2948237.6520000002,4670427.956,43596.0,8612604.0,321200.0,4258800.0,,,0.06928406732101616,0.10103190483793124,1.5834711685582936,2.5919654802614405,0.13572851805728517,,5051740.0,,,,,-2.6695403080070017,-2.2923189225389886,0.4596193794157664,0.9524164606009754,-1.9970985790455416,7.048386408721883,0.0,1,0,0,16
Russia,Conquest of the Siberian Khanate,1580,1598,18,Won,Khanate of Sibir,,Colonial / Eastern,Offensive,Away,Moscow,Tobolsk,1859,,,,,0.5777778039999999,,2688.5408500000003,4892696.2,12699926.4,,,,53760.0,9018240.0,,,,,,,,,,,,,,,,,,,,,7.527793987721444,1.0,1,0,1,16
Russia,Polish Invasion of Russia,1605,1618,13,Lost,Poland-Lithuania,Poland,European,Defensive,Home,Moscow,Warsaw,1151,,,1004.0,5050.0,0.7333333649999999,7.435,3528.70986,5130534.225,13328502.3,25065.681849999997,3134320.14,5049159.675,70560.0,9442440.0,373900.0,4676100.0,,,0.09863259784801613,0.1407785306267262,1.6368890208515838,2.6397466425935523,0.188713559775341,,5070200.0,,,,,-2.316353465034141,-1.960567328228931,0.492797501864588,0.9706829438383695,-1.6675249702845323,7.048386408721883,0.0,0,1,0,17
Russia,Ingrian War,1610,1617,7,Lost,Sweden,Sweden,European,Defensive,Home,Moscow,Stockholm,1226,754.4524815738736,,1486.0,810.0,0.80000003,1.66000009,3906.7859200000003,5164511.45,13416770.6,1285.430365,134585.369,648423.74,78120.0,9497880.0,15127.3701,811310.16,0.5077069189595381,,0.4819277027870522,3.0392824274071044,38.37349845955395,20.691362410635982,5.164149451199055,,1203660.0,,-0.6778509290744993,,,-0.7299611703995285,1.1116214439393672,3.647367077052038,3.0297163383394445,1.6417404135414186,7.111512116496157,0.0,0,1,0,17
Russia,Smolensk War,1632,1634,2,Lost,Poland-Lithuania,Poland,European,Offensive,Away,Moscow,Warsaw,1151,754.4524815738736,,893.0,5320.0,1.093333356,6.544,5570.320584000001,5314011.24,13805151.12,22579.52104,3200237.616,5230268.52,111384.0,9741816.0,340960.0,4979040.0,0.8448516031062414,,0.16707416809290956,0.2466979071049419,1.6605052116855064,2.6394727282567896,0.32667761614265606,,4750760.0,,-0.16859428467329393,,,-1.789317444840796,-1.3995907390460791,0.5071219004539521,0.9705791730655462,-1.1187814777433225,7.048386408721883,0.0,1,0,0,17
Russia,First Northern War,1654,1667,13,Won,Poland-Lithuania,Poland,European,Offensive,Away,Moscow,Warsaw,1151,754.4524815738736,,928.0,5540.0,1.386666682,5.818,7233.855248000001,5463511.03,14193531.64,20553.76038,3253948.1520000002,5377838.69,144648.0,9985752.0,314120.0,5225880.0,0.812987587902881,,0.2383407841182537,0.3519480189639148,1.679040591547815,2.639263179535792,0.46048643830383296,,5141120.0,,-0.20703943658299553,,,-1.4340537634102553,-1.044271787686799,0.5182225538292643,0.9704997795422604,-0.7754718736578211,7.048386408721883,1.0,1,0,0,17
Russia,Russo-Turkish War of 1676,1676,1681,5,Indecisive,Ottoman Empire,Turkey,Colonial / Eastern,Defensive,Home,Moscow,Constantinople,1756,754.4524815738736,,865.8,8280.0,1.680000008,2.465167432,8897.389912,5613010.82,14581912.16,6883.7246239999995,7663891.2,9752570.64,177912.0,10229688.0,206660.75639999998,8173339.38,0.8713934876113116,,0.6814952956915423,1.2925255436539962,0.7323969865334206,1.4951865203818713,0.8608891358920818,,7168824.0,,-0.13766163880467502,,,-0.38346593074312035,0.2565980901869772,-0.31143258069950247,0.4022509618576576,-0.14978954487505053,7.470793774195062,,0,1,1,17
Russia,Great Turkish War,1686,1700,14,Won,Ottoman Empire,Turkey,Colonial / Eastern,Offensive,Away,Moscow,Constantinople,1756,754.4524815738736,,878.8,8330.0,1.813333338,2.4739095019999997,9653.542032000001,5680965.27,14758448.76,6948.425863999999,7670043.2,9782924.54,193032.0,10340568.0,208603.1954,8221396.93,0.8585030514040437,,0.7329828906570893,1.3893135252424997,0.7406692663738842,1.5085927219060407,0.9253549526403851,,7320404.0,,-0.15256504430725,,,-0.3106329188998415,0.32880975841824434,-0.3002010875010921,0.4111772440230254,-0.07757788249203025,7.470793774195062,1.0,1,0,1,17
Russia,Great Northern War,1700,1721,21,Won,Sweden,Sweden,European,Offensive,Away,Moscow,Stockholm,1226,754.4524815738736,101936.816,2002.0,1260.0,2.0,4.0,10712.155,5776101.5,15005600.0,4247.155,207027.08,1024370.3,214200.0,10495800.0,54726.84,1313444.1,0.37684939139554124,80.90223492063492,0.5,2.5221954461280554,27.900222038585486,14.64860900399006,3.913984436156007,76906483.79493934,2522520.0,30.487957992380373,-0.9759096636719607,3.4173317857295045,4.393241449401465,-0.6931471805599453,0.9251297310222095,3.328634647167892,2.684345382422077,1.3645558925112025,7.111512116496157,1.0,1,0,0,18
Russia,Persian Expedition of Peter,1722,1723,1,Won,Safavid Persia,Iran,Colonial / Eastern,Offensive,Away,St. Petersburg,Isfahan,3414,754.4524815738736,101936.816,889.8763056624518,5286.0,2.0,3.42246458,15833.416,8441340.0,22178980.8,6224.26954,6709133.6,4551219.9,316604.62799999997,15513626.0,182958.296,5161164.1,0.847817249176261,19.284301172909572,0.5843741997177951,2.5438191418683322,1.258186302922929,4.873194723023601,1.7304742934422606,76906483.79493934,4703886.15173172,16.349563172702737,-0.16509017446229202,2.7942011797204622,2.959291354182754,-0.537213748406998,0.9336665509178291,0.22967124184666582,1.5837497226410078,0.5483955289943444,8.135639903354386,1.0,1,0,1,18
Russia,Russo-Turkish War of 1735,1735,1739,4,Won,Ottoman Empire,Turkey,Colonial / Eastern,Offensive,Away,St. Petersburg,Constantinople,2105,754.4524815738736,101936.816,915.2,8888.25,2.0,3.51999865,18859.616,9395898.5,26297693.0,10455.555,7863888.75,10179284.0,377116.43999999994,18478705.0,313893.0,8600609.5,0.8243580436777465,11.468716113970693,0.5681820360925423,1.8037890862799728,1.1948157964467643,2.5834521367121694,1.2014171708193555,76906483.79493934,8134526.4,9.454328379208325,-0.19315032442232838,2.2464726661879926,2.4396229906103213,-0.5653134255272596,0.5898895003264507,0.17799202826904334,0.9491265420444224,0.18350183567352035,7.652070746116482,1.0,1,0,1,18
Russia,Russo-Swedish War of 1741,1741,1743,2,Won,Sweden,Sweden,European,Defensive,Away,St. Petersburg,Stockholm,690,754.4524815738736,101936.816,1447.0,1708.6083333333333,2.00000002,14.1290233,20256.3244,9841909.7,28058075.4,14931.2356,249843.352,1255414.73,405044.97599999997,19847203.2,243842.715,1481151.94,0.5213907958354344,59.660727395102256,0.1415526025779857,1.3566408663459841,39.39232171364719,22.349646478976712,1.6610911504983856,76906483.79493934,2472356.2583333333,31.106554136653266,-0.6512554304282788,3.4374185409256377,4.088673971353916,-1.9550838813128888,0.3050116931701677,3.6735709169479582,3.1068105034390308,0.5074747060059017,6.536691597591305,1.0,0,0,0,18
Russia,Seven Years' War,1756,1762,6,Indecisive,Prussia,Germany,European,Offensive,Away,St. Petersburg,Berlin,1325,754.4524815738736,101936.816,1732.9696474524571,19622.333333333336,2.0000002,10.1221894,23748.089799999998,11538420.2,31798376.4,217188.712,13790785.0,11202525.6,474866.31600000005,23268450.0,1873166.8399999999,16620792.8,0.43535239216852556,5.194938556406815,0.1975857317983005,0.10934311263837689,0.83667609929384,2.8385006680993436,0.25350988809944985,76906483.79493934,34004908.07886127,2.2616289277002135,-0.8315994789057362,0.8160853181273509,1.6476847970330872,-1.6215827037739359,-2.213264518402853,-0.1783182615315864,1.0432759789991795,-1.3723524504021587,7.1891677384203225,,1,0,0,18
Russia,Russo-Turkish War of 1768,1768,1774,6,Won,Ottoman Empire,Turkey,Colonial / Eastern,Defensive,Away,St. Petersburg,Constantinople,2105,754.4524815738736,101936.816,936.1142857142858,9348.6,2.00000004,4.75065918,26541.485399999998,12895628.6,34790614.0,14795.2412,8039325.9,10538097.2,530723.388,26005446.0,444177.49600000004,8903734.0,0.8059405705983876,10.903965941424385,0.42099421663837394,1.7939204262516515,1.6040683958340336,3.3014132760134345,1.194845287704535,76906483.79493934,8751358.011428572,8.787948532616953,-0.21574527294287396,2.173381297952751,2.389126570895625,-0.8651361825951238,0.5844034071632671,0.4725431493295152,1.194350642251574,0.17801671064594426,7.652070746116482,1.0,0,0,1,18
Russia,Russo-Turkish War of 1787,1787,1792,5,Won,Ottoman Empire,Turkey,Colonial / Eastern,Defensive,Away,St. Petersburg,Constantinople,2105,754.4524815738736,101936.816,949.9571428571428,9613.65,2.0,5.64820601,30963.7913,15044541.6,39528329.8,18079.344699999998,8128192.75,10742500.0,619163.732,30339023.0,542771.6939999999,9064273.6,0.7941963353259719,10.603341706843915,0.35409473316997514,1.7126611508214677,1.8509085675902555,3.6796211124040026,1.1407443292354154,76906483.79493934,9132555.48642857,8.421135125784474,-0.2304245745918143,2.1307446322063104,2.3611692067981247,-1.0381907938241612,0.538048389396335,0.615676636147802,1.3028097882943717,0.1316809697285705,7.652070746116482,1.0,0,0,1,18
Russia,Russo-Swedish War of 1788,1788,1790,2,Indecisive,Sweden,Sweden,European,Defensive,Home,St. Petersburg,Stockholm,690,754.4524815738736,101936.816,1478.0,2222.866666666667,2.0,25.7403432,31196.5092,15157642.4,39777683.2,23305.317799999997,296651.708,1547674.5,623818.488,30567106.0,559274.612,1612183.7999999998,0.5104549942989672,45.858268302192364,0.07769904171285485,1.3386004631097546,51.095753003384026,25.70158208331274,1.1154064114750126,76906483.79493934,3285396.9333333336,23.408582084756112,-0.672452805304942,3.1531027108840104,3.825555516188952,-2.5549123548524806,0.2916246376500961,3.9337013822759435,3.24655254966843,0.10921883309648794,6.536691597591305,,0,1,0,18
Russia,Russo-Persian War of 1804,1804,1813,9,Won,Qajar Persia,Iran,Colonial / Eastern,Offensive,Away,St. Petersburg,Tehran,3090,754.4524815738736,101936.816,879.1022539857064,6352.0,1.97686468,7.2185516,34493.054000000004,16967253.2,43767412.0,15587.4778,7907941.2,5174666.9,689893.836,34224835.6,458183.64,5886195.0,0.8582078798607431,16.047987405541562,0.27385891097599135,2.212869486813319,2.1455967831424947,8.458015336214201,1.5057146868011262,76906483.79493934,5584057.517317207,13.772509247341732,-0.15290892462027614,2.622674521799741,2.775583446420017,-1.2951422286579586,0.7942900836466873,0.7634177342630637,2.135114552268587,0.409267660434327,8.035926369891792,1.0,1,0,1,19
Russia,War of the Third Coalition,1805,1805,1,Lost,France,France,European,Offensive,Away,St. Petersburg,Paris,2163,754.4524815738736,101936.816,1891.73696437215,30027.625,1.9710808000000002,27.229616999999998,34619.625,17080354.0,44016784.0,191747.505,17012279.0,25370399.0,692448.405,34455019.0,7870859.75,20999527.0,0.3988146850131828,3.394767851270289,0.07238738613179907,0.1805479815760836,1.0040015214892726,1.7349661706148176,0.0879762093334213,76906483.79493934,56804368.16480528,1.3538832712972395,-0.919258418570441,0.3029769605058469,1.2222353790762879,-2.6257232194682603,-1.7117587106283672,0.003993536695951519,0.550987915004014,-2.4306888495385186,7.679251425953058,0.0,1,0,0,19
Russia,War of the Fourth Coalition,1806,1807,1,Lost,France,France,European,Offensive,Away,St. Petersburg,Paris,2163,754.4524815738736,101936.816,1861.9405609035512,30109.11666666667,1.9652969200000001,27.4222678,34746.196,17193454.8,44266156.0,193793.10199999998,17072765.2,25497917.2,695002.974,34685202.4,7980550.8,21088413.6,0.40519686686870254,3.385579760725849,0.07166792091498721,0.17929531877765187,1.0070691301957342,1.7360694857068562,0.08708709353745359,76906483.79493934,56061385.5746438,1.3718263115802054,-0.9033822389457398,0.3161429262317034,1.2195251651774432,-2.635712038536371,-1.718721007035069,0.0070442610283427895,0.5516236417659605,-2.440846585925971,7.679251425953058,0.0,1,0,0,19
Russia,Russo-Turkish War of 1806,1806,1812,6,Won,Ottoman Empire,Turkey,Colonial / Eastern,Offensive,Away,St. Petersburg,Constantinople,2105,754.4524815738736,101936.816,963.8,9878.7,1.9652969200000001,6.71479236,34746.196,17193454.8,44266156.0,22090.0716,8204850.3,10943650.4,695002.974,34685202.4,663180.404,9210162.2,0.7827894600268455,10.318849241296931,0.2926817114565253,1.572932701585268,2.095523278468591,4.044916858820709,1.0479847863538503,76906483.79493934,9521091.06,8.077486425693248,-0.24489150800302714,2.0890807382066856,2.3339722462097128,-1.228669569448468,0.4529418396804617,0.7398032971108794,1.3974609962375881,0.04686906895555099,7.652070746116482,1.0,1,0,1,19
Russia,Finnish War,1808,1809,1,Won,Sweden,Sweden,European,Offensive,Away,St. Petersburg,Stockholm,690,754.4524815738736,101936.816,1280.0,2441.7,1.95372916,30.6813294,34999.338,17419656.4,44764900.0,26111.877800000002,316951.364,1707070.56,700112.112,35145569.2,732413.82,1654195.58,0.5894160012295887,41.748296678543646,0.06367811298294004,1.3403608223074635,54.96002976658588,26.223227703018907,0.9558969163088703,76906483.79493934,3125376.0,24.607114086413713,-0.5286230607104578,3.203035591635426,3.7316586523458835,-2.7539143706906595,0.2929388480947623,4.006606189518494,3.2666455715609084,-0.04510519987340313,6.536691597591305,1.0,1,0,0,19
Russia,French Invasion of Russia,1812,1812,1,Won,France,France,European,Defensive,Home,St. Petersburg,Paris,2163,754.4524815738736,101936.816,1601.3052843144017,30598.066666666666,2.03926952,28.5781604,37584.0788,17864704.0,45746446.4,206075.19199999998,17391385.2,26222546.4,752077.34,36036692.8,8638818.4,21571222.0,0.47114843681846225,3.3314789823322175,0.07135762034563987,0.18238041384428266,1.0272157044741899,1.744546303863152,0.0870578943990766,76906483.79493934,48996845.84313768,1.5696211148193855,-0.7525820821350195,0.4508342620953764,1.203416344230396,-2.6400511384407417,-1.701660587347255,0.026851942460317062,0.5564945240629471,-2.4411819287801824,7.679251425953058,1.0,0,1,0,19
Russia,War of the Sixth Coalition,1813,1814,1,Won,France,France,European,Offensive,Away,St. Petersburg,Paris,2163,754.4524815738736,101936.816,1858.4980509565842,30679.558333333334,2.0878235800000002,28.7708051,38749.87820000001,17974127.0,45987847.6,208125.043,17429722.8,26329824.6,775505.385,36252071.2,8748570.1,21634853.0,0.4059474160791025,3.3226298401188417,0.07256743677291116,0.18618556249379373,1.0312342431515893,1.7466066826742173,0.0886436727528765,76906483.79493934,57017899.36670883,1.3488129981835653,-0.9015316448150069,0.2992249450692313,1.2007565898842383,-2.623238987069485,-1.6810114547726838,0.030756379181867115,0.5576748670947318,-2.423130622355125,7.679251425953058,1.0,1,0,0,19
Russia,Caucasian War,1817,1864,47,Won,Caucasian Imamate,,Colonial / Eastern,Offensive,Away,St. Petersburg,Shamakhi,2491,754.4524815738736,101936.816,,,2.28203982,,43413.075800000006,18411819.0,46953452.4,,,,869217.565,37113584.8,,,,,,,,,,76906483.79493934,,,,,,,,,,,7.820439515262181,1.0,1,0,1,19
Russia,Russo-Persian War of 1826,1826,1828,2,Won,Qajar Persia,Iran,Colonial / Eastern,Offensive,Away,St. Petersburg,Tehran,3090,754.4524815738736,101936.816,886.48,6782.6,2.79185712,8.8178692,56211.7736,19469342.4,49285540.8,20370.8628,8437623.8,5456857.7,1128394.54,39151501.6,598788.1,6183811.9,0.8510654290834239,15.029165216878484,0.31661357825539077,2.759420361910248,2.307443761595533,9.0318537718145,1.8844638696059592,76906483.79493934,6012639.248000001,12.790802944068353,-0.16126626842486488,2.5487263926717034,2.7099926610965683,-1.1500732447246478,1.0150206438724376,0.8361403150915985,2.2007576367046204,0.6336433611379486,8.035926369891792,1.0,1,0,1,19
Russia,Russo-Turkish War of 1828,1828,1829,1,Won,Ottoman Empire,Turkey,Colonial / Eastern,Offensive,Away,St. Petersburg,Constantinople,2105,754.4524815738736,101936.816,1004.56,10349.04,2.9132421600000002,8.1998352,59312.2068,19712427.2,49821502.4,28361.428200000002,8420584.7,11375692.4,1191358.82,39615428.8,851464.228,9527064.4,0.7510277948294514,9.849881341651013,0.3552805744193493,2.091298307748832,2.3409808109881016,4.379645708422988,1.3991883402998346,76906483.79493934,10396231.6224,7.397534663351917,-0.2863126174775032,2.001146791101042,2.2874594085785454,-1.0348474511921515,0.7377850729917658,0.8505699915457048,1.4769678326288023,0.33589231156849136,7.652070746116482,1.0,1,0,1,19
Russia,Hungarian Intervention,1849,1849,1,Won,Hungarian Revolutionaries,Hungary,European,Offensive,Away,St. Petersburg,Buda,1563,754.4524815738736,101936.816,1741.0,5127.166666666667,4.6467731699999995,9.1315905,117018.7054,25339819.2,62206047.0,40505.160299999996,2111608.7600000002,4125708.9,2447244.5700000003,50143401.8,418837.48299999995,4167125.4,0.43334433174834786,19.881705165295973,0.5088678878011448,2.8889826514277495,12.000243454189874,15.077662653320015,5.842945460542748,76906483.79493934,8926397.166666668,8.615624238872858,-0.8362226435649839,2.153577326887371,2.989799970452355,-0.6755668485747286,1.0609044164220214,2.4849269374313607,2.7132143541024267,1.7652350293755186,7.354362330421477,1.0,1,0,0,19
Russia,Crimean War,1853,1856,3,Lost,France,France,European,Defensive,Home,St. Petersburg,Paris,2163,754.4524815738736,101936.816,2515.0432197259547,36739.0,5.09722572,36.4759709,129795.338,26667743.2,65129251.0,296374.602,18032430.2,29189283.0,2841170.08,52514552.2,13281809.2,23121527.8,0.2999759509723577,2.774621410490215,0.13974201629818714,0.4379435252687408,1.4788768293693437,2.2312727243077535,0.21391438750678637,76906483.79493934,92400172.84951185,0.8323196962000665,-1.2040529709646695,-0.1835386617256817,1.020514309238988,-1.9679572970354424,-0.8256653146614772,0.3912829005915798,0.8025721510576489,-1.542179402384491,7.679251425953058,0.0,0,1,0,19
Russia,Conquest of Kokand,1864,1876,12,Won,Khanate of Kokand,Uzbekistan,Colonial / Eastern,Offensive,Away,St. Petersburg,Qo'qon,3517,644.7824158013182,101936.816,8125.0,6292.797,6.5197071,6.63089012,167960.998,30292088.0,73106872.0,22697.3208,9689523.8,2323788.1,4119345.48,58784534.4,261631.884,3674513.0,0.07935783579093146,16.198967803982875,0.9832325648611411,7.400036307368929,3.126272108439426,31.46021446619853,15.744814496691848,65727066.479574464,51128975.625,1.2855150269710585,-2.533788087156968,0.25115943724790635,2.784947524404874,-0.01690959997984643,2.0014849065992943,1.1398412750565539,3.4487237147142866,2.7565110727555324,8.165363632473982,1.0,1,0,1,19
Russia,Conquest of Bukhara,1865,1868,3,Won,Emirate of Bukhara,Uzbekistan,Colonial / Eastern,Offensive,Away,St. Petersburg,Bukhara,3252,582.5596689877835,101936.816,8125.0,6292.797,6.667882199999999,6.7536844,171705.44,30535739.0,73643095.0,23244.244,9742457.0,2336483.0,4247430.65,59168142.0,267936.27,3689600.7,0.0716996515677272,16.198967803982875,0.9872954975509367,7.387009016081573,3.1342954862413044,31.51878057747478,15.852391503397431,59384277.786628604,51128975.625,1.1614603473024032,-2.635269390973765,0.14967813343110925,2.784947524404874,-0.012785894740839389,1.9997229190794383,1.1424044235484936,3.4505835769784508,2.763320372436626,8.087025470667701,1.0,1,0,1,19
Russia,Khivan Campaign,1873,1873,1,Won,Khanate of Khiva,Uzbekistan,Colonial / Eastern,Offensive,Away,St. Petersburg,Khiva,2909,711.7626881613855,101936.816,8125.0,6292.797,7.96441479,7.80971516,202484.605,33201326.6,79507846.0,28057.151100000003,10174790.6,2440169.11,5531485.8,63434037.0,323414.85000000003,3808824.2,0.08760156161986284,16.198967803982875,1.019808613608899,7.216862620096878,3.2630967953286434,32.58292454984811,17.10337605091417,72554822.17877254,51128975.625,1.4190548762587798,-2.434956454487922,0.3499910699169517,2.784947524404874,0.019614975974005983,1.976420318312016,1.1826766816911647,3.483788364333954,2.8392758738999224,7.975564658495202,1.0,1,0,1,19
Russia,Russo-Turkish War of 1877,1877,1878,1,Won,Ottoman Empire,Turkey,Colonial / Eastern,Offensive,Away,St. Petersburg,Constantinople,2105,810.125270390284,101936.816,1215.139534883721,12315.06976744186,8.70529091,12.8081806,218560.545,35131103.4,83752694.0,50768.4234,9199855.2,12923799.2,6389658.2,66564513.0,1557688.51,10599059.1,0.6666932044703874,8.27740466964279,0.6796664711301775,4.305048893836637,3.8186582980132124,6.480501027902074,4.102012795870209,82581590.62472463,14964528.149269875,5.5184894439023,-0.4054253021948492,1.7081041713726344,2.1135294735674837,-0.38615308477052024,1.4597884952685407,1.3398991300358756,1.8687978264959046,1.4114777790676074,7.652070746116482,1.0,1,0,1,19
Russia,Russo-Japanese War,1904,1905,1,Lost,Japan,Japan,European,Offensive,Away,St. Petersburg,Tokyo,7594,1151.70384141699,101936.816,2178.9910617,46378.0,15.917253200000001,21.5715972,346732.992,58657060.0,120906128.0,146232.54,608564.4,3430465.7,17344148.8,90310530.0,10164548.4,36847236.8,0.528549135267428,2.197956272370521,0.7378801417634482,2.371106950614412,96.3859535654731,35.244814720053895,1.7063373715648793,117401022.56901689,101057247.4595226,1.1617278871170582,-0.6376195068156713,0.14990845468693684,0.7875279615026081,-0.3039738771061442,0.8633569138746351,4.56836048109805,3.562318418297676,0.5343491854180618,8.935113740791747,0.0,1,0,0,20
Russia,World War I,1914,1917,3,Lost,Germany,Germany,European,Defensive,Home,St. Petersburg,Berlin,1325,1112.7096421455528,101936.816,4876.0,66096.0,19.8965664,29.981787200000003,406330.06799999997,63710595.6,132234487.6,743462.492,11152856.4,15423301.4,23384722.0,94690419.6,18582547.6,43505451.6,0.22820132119474013,1.5422539336722345,0.6636217603465613,0.5465374142909687,5.712491339886704,8.573682389426688,1.2584238987769363,113426078.05281708,322284096.0,0.351944385281789,-1.4775270519357766,-1.0442821122253334,0.43324493971044314,-0.41004292984337415,-0.6041525120603194,1.742655240225599,2.1486973240358096,0.2298600639809421,7.1891677384203225,0.0,0,1,0,20
Russia,Polish-Soviet War,1919,1921,2,Lost,Poland,Poland,European,Offensive,Away,Moscow,Warsaw,1151,663.7686011065906,101936.816,2967.4285714285716,24359.714285714286,22.1575394,31.4068073,413935.953,62092552.6,126877634.6,155085.735,7545715.7,17796099.6,25017667.0,88073556.6,7606243.05,16629356.5,0.22368477795812314,4.184647438980049,0.705501173307737,2.669078190847147,8.228848669715982,7.129519245891386,3.2890964482130243,67662457.75757992,72285712.16326532,0.9360419332212808,-1.4975174594793703,-0.06609500305796885,1.4314224564214015,-0.3488468446038519,0.9817331659270077,2.1076461105791586,1.9642438052092013,1.1906128912564502,7.048386408721883,0.0,1,0,0,20
Russia,Soviet-Japanese Border Conflicts,1938,1939,1,Won,Japan,Japan,Colonial / Eastern,Defensive,Away,Moscow,Tokyo,7478,2291.098268655256,101936.816,4256.84109609,71879.0,33.9146018,29.5384632,720332.386,73827448.8,164114244.0,307027.17,993570.0719999999,4845388.1,50910436.0,98194332.0,21117027.6,50264618.8,0.5382155962456947,1.4181724286648396,1.1481505171873667,2.3461519252514367,74.30522605354804,33.87019586728254,2.4108713103164194,233547262.64982942,305977481.1458531,0.7632825192730517,-0.6194960625776242,-0.2701270419556751,0.349369020621949,0.1381524018354272,0.8527765074062047,4.308181286444625,3.522535449726527,0.87998822171327,8.91972065553706,1.0,0,0,1,20
Russia,Winter War,1939,1940,1,Indecisive,Finland,Finland,European,Offensive,Away,Moscow,Helsinki,892,2368.6242203802967,101936.816,5432.0,3686.0,34.621155900000005,30.6969252,745461.263,74722859.4,167167472.0,41199.2583,225929.111,2354324.7,52862084.0,99269251.0,1132655.6,2556954.02,0.4360501142084493,27.655131850244167,1.1278379080130152,18.094045712468567,330.73586254229986,71.00442517550786,46.67092450697281,241450011.32604977,20022352.0,12.059023401748695,-0.8299981013932283,2.489813209723992,3.31981131111722,0.12030244418021646,2.895582917988585,5.801320058445248,4.262742201514709,3.8431213692142623,6.79346613258001,,1,0,0,20
Russia,World War II,1941,1945,4,Won,Germany,Germany,European,Defensive,Home,Moscow,Berlin,1609,2358.2984922514556,101936.816,9103.0,70244.0,36.210902700000005,54.5655707,761672.8200000001,74082865.0,165066854.0,1291303.25,11767820.2,14566455.8,53871910.4,96050067.0,38116721.4,31734589.8,0.2590682733441125,1.4511818233585787,0.663621808320975,0.5898481398540584,6.2953770316783055,11.331984682231349,1.4133406132878994,240397439.47771406,639431132.0,0.37595516928586775,-1.3506636483747139,-0.9782853733234704,0.37237827505124355,-0.4100428575515736,-0.5278901652907503,1.8398155595356782,2.4276292302405076,0.3459561314737404,7.3833681469923835,1.0,0,1,0,20
Russia,Soviet-Japanese War,1945,1945,1,Won,Japan,Japan,Colonial / Eastern,Offensive,Away,Moscow,Tokyo,7478,2313.444475640682,101936.816,3677.67,76224.0,39.7436735,32.430555999999996,726003.54,67941245.0,144451470.0,375000.805,1103495.6,5200154.5,50104624.0,78873655.0,25400010.0,52558186.0,0.6290516755556322,1.3373322837951302,1.225500836310053,1.9360052840419903,61.56911273592753,27.778303510020713,1.9726222155030648,235825163.83960068,280326718.08,0.841251113895967,-0.46354187055984697,-0.1728650739278301,0.2906767966320169,0.20334960640934124,0.6606267182111928,4.120160328163568,3.3242552667076715,0.6793637315158407,8.91972065553706,1.0,1,0,1,20
Russia,Invasion of Czechoslovakia,1968,1968,1,Won,Czechoslovakia,Czechoslovakia,European,Offensive,Away,Moscow,Prague,1667,8391.0,128876.498,9919.0,14323.0,60.992104,,1239113.2,84524540.0,136259790.0,,,,78579800.0,50256216.0,,,0.84595221292469,8.997870418208477,,,,,,1081402694.7180002,142069837.0,7.611768391893067,-0.16729240687592428,2.029695522262261,2.196987929138185,,,,,,7.418780882750794,1.0,1,0,0,20
Russia,Soviet-Afghan War,1979,1989,10,Lost,Afghan Mujahideen,Afghanistan,Colonial / Eastern,Offensive,Away,Moscow,Kabul,3366,11867.0,138163.68,1023.0,15556.0,69.28862,15.406886,1560934.4,86445530.0,135266030.0,23366.34,30000000.0,8048994.5,95459480.0,42311310.0,2164620.0,11885072.0,11.60019550342131,8.881697094368732,4.4972501256905515,66.80269139283259,2.881517666666667,16.805332641238603,44.09987896258928,1639588390.56,15913788.0,103.02942269684628,2.4510219517135123,4.6350146046883065,2.1839926529747937,1.5034661268089713,4.201743370042832,1.058317122941785,2.821696255163767,3.786457037836546,8.121480374750751,0.0,1,0,1,20
Ottoman/Turkey,Battle of Bapheus,1302,1302,1,Won,Byzantine Empire,Turkey,European,Offensive,Away,Söğüt,Constantinople,148,743.0,6577.2,743.0,6577.2,2.138214714,2.138214714,5107.27384,7557157.28,9071056.28,5107.27384,7557157.28,9071056.28,153328.77719999998,7018671.3,153328.77719999998,7018671.3,1.0,1.0,1.0,1.0,1.0,1.0,1.0,4886859.6,4886859.6,1.0,0.0,0.0,0.0,0.0,0.0,0.0,0.0,0.0,4.997212273764115,1.0,1,0,0,14
Ottoman/Turkey,Siege of Bursa,1317,1326,9,Won,Byzantine Empire,Turkey,European,Offensive,Away,Söğüt,Constantinople,148,743.0,6556.2,743.0,6556.2,2.151327819,2.151327819,4983.1626400000005,7315359.38,8786403.38,4983.1626400000005,7315359.38,8786403.38,149602.7562,6812397.3,149602.7562,6812397.3,1.0,1.0,1.0,1.0,1.0,1.0,1.0,4871256.6,4871256.6,1.0,0.0,0.0,0.0,0.0,0.0,0.0,0.0,0.0,4.997212273764115,1.0,1,0,0,14
Ottoman/Turkey,Ottoman Conquest of the Balkans,1362,1389,27,Won,Serbia,Serbia,European,Offensive,Away,Bursa,Constantinople,92,748.2156862745098,6493.2,,,2.190667134,,4610.82904,6589965.68,7932444.68,,,,138424.6932,6193575.3,,,,,,,,,,4858314.094117647,,,,,,,,,,,4.5217885770490405,1.0,1,0,0,14
Ottoman/Turkey,Crusade of Nicopolis,1396,1396,1,Won,Hungary,Hungary,European,Defensive,Home,Edirne,Buda,878,760.8823529411765,6445.6,,1094.0,2.220390172,5.061333616,4329.510319999999,6041890.4399999995,7287231.4399999995,4995.80236,2178841.512,1207179.84,129979.0456,5726020.9,50786.666639999996,959213.336,,5.891773308957953,0.4386966638557185,0.8666296238348388,2.772982985097449,6.036574832131059,2.5593143673191467,4904343.294117647,,,,,1.7735570234810598,-0.8239470754531569,-0.14314358628315924,1.0199236306961175,1.7978367703226052,0.9397393973539212,6.777646593635117,1.0,0,1,0,14
Ottoman/Turkey,Ottoman-Timurid War,1399,1402,3,Lost,Timurid Empire,,Colonial / Eastern,Defensive,Home,Edirne,Sarai,1643,762.0,6441.4,,,2.223012793,,4304.68808,5993530.859999999,7230300.859999999,,,,129233.8414,5684766.1,,,,,,,,,,4908346.8,,,,,,,,,,,7.404279118037268,0.0,0,1,1,14
Ottoman/Turkey,Crusade of Varna,1443,1444,1,Won,Hungary,Hungary,European,Defensive,Home,Edirne,Buda,878,778.3921568627451,6379.8,,1164.5,2.261477686,5.028000171,4518.0091680000005,6083995.1,7385748.555,5453.543382,2080817.702,1299151.695,135638.0818,5857861.97,55440.0,1052060.0,,5.478574495491627,0.44977677189502224,0.8284538787959715,2.9238482035943383,5.685054781073891,2.4465743470418473,4965986.282352941,,,,,1.7008449385606998,-0.7990038817529628,-0.18819411198615446,1.0729006265845313,1.7378407632288768,0.8946888204297302,6.777646593635117,1.0,0,1,0,15
Ottoman/Turkey,Fall of Constantinople,1453,1453,1,Won,Byzantine Empire,Turkey,European,Offensive,Away,Constantinople,Constantinople,0,780.22,6365.8,780.22,6365.8,2.270219706,2.270219706,4569.542928,6108782.1,7426312.405,4569.542928,6108782.1,7426312.405,137185.2078,5901314.87,137185.2078,5901314.87,1.0,1.0,1.0,1.0,1.0,1.0,1.0,4966724.476000001,4966724.476000001,1.0,0.0,0.0,0.0,0.0,0.0,0.0,0.0,0.0,0.0,1.0,1,0,0,15
Ottoman/Turkey,First Ottoman-Venetian War,1463,1479,16,Won,Venice,Italy,European,Offensive,Away,Constantinople,Venice,1432,777.62,6351.8,2534.570454165618,10093.0,2.278961726,19.73251496,4621.076688,6133569.1,7466876.255,139505.5724,2283683.394,8488276.94,138732.33380000002,5944767.77,1711660.0,6922493.655,0.30680543865804394,0.6293272565144159,0.11549271497422951,0.033124674581099384,2.685822875497951,0.8796692553483063,0.08105133834990595,4939286.716,25581419.59389358,0.19308102499436872,-1.1815414825990789,-1.6446453595527615,-0.4631038769536827,-2.15854782482572,-3.4074768186908173,0.9879871523294824,-0.12820928835287493,-2.51267251829143,7.266827347520591,1.0,1,0,0,15
Ottoman/Turkey,Ottoman-Safavid War of 1514,1514,1514,1,Won,Safavid Persia,Iran,Colonial / Eastern,Offensive,Away,Constantinople,Tabriz,1516,773.9733333333334,6524.0,917.2056074766356,4140.0,2.32354607,2.5333299240000002,5032.985704000001,6420140.7,7883651.09,3572.1768380000003,5288068.69,3818143.112,151098.5128,6343901.69,105001.7976,4034998.23,0.843838422949294,1.5758454106280193,0.9171904725031779,1.4089408033947954,1.2140804282933775,2.064786693097637,1.439008819407107,5049402.026666666,3797231.214953271,1.3297589061162305,-0.1697942447167455,0.28499765220479895,0.4547918969215444,-0.08644011564154766,0.3428382188294183,0.19398694109635237,0.7250269247568067,0.3639545567308601,7.323830566202317,1.0,1,0,1,16
Ottoman/Turkey,Ottoman-Mamluk War,1516,1517,1,Won,Mamluk Sultanate,Egypt,Colonial / Eastern,Offensive,Away,Constantinople,Cairo,1236,774.8266666666667,6556.0,1077.6,4160.0,2.3252944799999997,3.065524028,5064.5905760000005,6447977.8,7921749.46,3118.189072,0.0,396532.8808,152047.3432,6377952.86,127708.914,4032291.08,0.7190299430833953,1.5759615384615384,0.7585308282568124,1.624208942773179,,19.97753488693793,1.1905773719131305,5079763.626666667,4482816.0,1.13316353530162,-0.3298522766714994,0.12501330993691193,0.4548655866084113,-0.27637183730582177,0.48502089280667326,,2.994608386576453,0.1744383759401574,7.119635638017636,1.0,1,0,1,16
Ottoman/Turkey,Siege of Belgrade,1521,1521,1,Won,Kingdom of Hungary,Hungary,European,Offensive,Away,Constantinople,Buda,1069,776.96,6636.0,,1250.0,2.329665505,4.821,5143.602756,6517570.55,8016995.385,5927.925063,1884016.13,1426426.0050000001,154419.4192,6463080.785,60262.5,1189737.5,,5.3088,0.48323283654843396,0.8676902459689546,3.4594027334574893,5.620337372494832,2.562446284173408,5155906.5600000005,,,,,1.6693658210139883,-0.7272566782374483,-0.14192048749405586,1.24109595378101,1.7263916927968603,0.940962381971023,6.974478911025045,1.0,1,0,0,16
Ottoman/Turkey,Siege of Rhodes,1522,1522,1,Won,Knights Hospitaller,,European,Offensive,Away,Constantinople,Rome,1374,777.3866666666667,6652.0,,,2.33053971,,5159.405192,6531489.1,8036044.57,,,,154893.83440000002,6480106.37,,,,,,,,,,5171176.106666666,,,,,,,,,,,7.2254814727822945,1.0,1,0,0,16
Ottoman/Turkey,Battle of Mohács,1526,1526,1,Won,Kingdom of Hungary,Hungary,European,Offensive,Away,Constantinople,Buda,1069,779.0933333333334,6716.0,,1250.0,2.3340365299999997,4.826,5222.614936000001,6587163.3,8112241.3100000005,5934.073077999999,1865811.7799999998,1423355.03,156791.4952,6548208.71,60325.0,1189675.0,,5.3728,0.48363790509738913,0.8801062722605051,3.5304543419701213,5.699380083688608,2.5991130576046415,5232390.826666667,,,,,1.6813491879010847,-0.726418782218453,-0.12771261486886942,1.2614265714363473,1.7403574116783935,0.9551702551382627,6.974478911025045,1.0,1,0,0,16
Ottoman/Turkey,First Siege of Vienna,1529,1529,1,Lost,Habsburg Austria,Austria,European,Offensive,Away,Constantinople,Vienna,1276,780.3733333333333,6764.0,,2145.0,2.336659145,1.793000071,5270.022244000001,6628918.95,8169388.865,3145.776867,3004842.188,910353.4495,158214.7408,6599285.465,36730.0,1992270.0,,3.1533799533799534,1.3032119645688514,1.675268929364913,2.2060789004071317,8.973864897734977,4.307507236591342,5278445.226666667,,,,,1.1484748786563537,0.26483195917887886,0.5159737072342043,0.7912166864687443,2.1943164525858836,1.4603593694165264,7.151485463904735,0.0,1,0,0,16
Ottoman/Turkey,Spanish-Ottoman Wars,1529,1574,45,Indecisive,Spain,Spain,European,Defensive,Home,Constantinople,Madrid,2738,780.3733333333333,6764.0,1249.2561531184972,7217.6,2.336659145,14.74249929,5270.022244000001,6628918.95,8169388.865,15226.89241,3834208.29,7450964.395,158214.7408,6599285.465,1057152.5,6022847.5,0.6246703939662819,0.9371536244735091,0.15849816907130407,0.34609965724450803,1.7288885862796985,1.096420333250029,0.14966122749556002,5278445.226666667,9016631.210748065,0.585412123806796,-0.4705311380079703,-0.5354391946436309,-0.06490805663566063,-1.8420122373321273,-1.0610285186779136,0.5474787663829882,0.092050630741538,-1.8993810224688652,7.914983005848394,,0,1,0,16
Ottoman/Turkey,Ottoman-Safavid War of 1532,1532,1555,23,Won,Safavid Persia,Iran,Colonial / Eastern,Offensive,Away,Constantinople,Tabriz,1516,781.6533333333333,6812.0,914.8405717427158,4320.0,2.33928176,2.551559712,5317.4295520000005,6670674.6,8226536.42,3757.449344,5508808.72,3956764.856,159637.9864,6650362.22,110447.7588,4209552.24,0.85441481005191,1.576851851851852,0.916804630908046,1.4151699903795165,1.2109105505482136,2.079106724657989,1.4453709892753388,5324622.506666667,3952111.2699285327,1.3472855754800026,-0.1573384770641821,0.29809188348024085,0.455430360544423,-0.0868608818694474,0.34724965842345246,0.19137259772082996,0.7319383421701271,0.36836602859525946,7.323830566202317,1.0,1,0,1,16
Ottoman/Turkey,Italian War of 1542,1542,1546,4,Indecisive,Spain,Spain,European,Offensive,Away,Constantinople,Madrid,2738,785.92,6972.0,1253.4314552088756,7404.8,2.34802381,15.164999420000001,5475.453912000001,6809860.1,8417028.27,16314.04718,3955088.92,7391128.71,164382.1384,6820618.07,1128945.0,6211055.0,0.6270147415991183,0.9415514261019878,0.15483177710533666,0.3356281768458145,1.721796965313235,1.138801474071475,0.14560686162744862,5479434.239999999,9281409.239530683,0.5903666241396192,-0.46678522730324545,-0.5270115382226368,-0.060226310919391284,-1.865416060435003,-1.0917513483014156,0.543368492731879,0.12997637082859553,-1.9268450177678258,7.914983005848394,,1,0,0,16
Ottoman/Turkey,Great Siege of Malta,1565,1565,1,Lost,Spain,Spain,European,Offensive,Away,Constantinople,Madrid,2738,795.7333333333333,7340.0,1604.723282878743,7736.0,2.3681305249999998,15.91249965,5838.9099400000005,7129986.75,8855159.525,18237.47485,4168954.65,7285265.575,175293.688,7212206.525,1255962.5,6544037.5,0.4958695008810818,0.9488107549120993,0.14882203155303758,0.3201599995626588,1.710257690138222,1.215488911672242,0.13956920529076305,5840682.666666667,12414139.316349955,0.47048631546886516,-0.7014424899372276,-0.7539884054617964,-0.05254591552456894,-1.90500410603082,-1.138934409512722,0.5366440551483331,0.1951463922908369,-1.9691947054610073,7.914983005848394,0.0,1,0,0,16
Ottoman/Turkey,Fourth Ottoman-Venetian War,1570,1573,3,Won,Venice,Italy,European,Offensive,Away,Constantinople,Venice,1432,797.8666666666667,7420.0,2417.196647191102,12320.0,2.37250155,19.1729543,5917.92212,7199579.5,8950405.45,185546.85700000002,3015182.75,11413595.5,177665.764,7297334.45,2276562.4,9718765.6,0.33007933698477776,0.6022727272727273,0.12374209591685095,0.0318944886250485,2.3877755005065615,0.7841880720234039,0.07804124499288928,5920170.666666667,29779862.693394374,0.1987977825021957,-1.1084222383113043,-1.615467139237389,-0.5070449009260846,-2.089555750952183,-3.445322054492514,0.8703621795978311,-0.2431063996152492,-2.5505178100883423,7.266827347520591,1.0,1,0,0,16
Ottoman/Turkey,Ottoman-Safavid War of 1578,1578,1590,12,Won,Safavid Persia,Iran,Colonial / Eastern,Offensive,Away,Constantinople,Isfahan,2215,801.28,7548.0,908.7965915338098,4780.0,2.3794951899999996,2.598146948,6044.341608000001,7310927.9,9102798.93,4230.9235260000005,6072922.13,4311020.424,181461.0856,7433539.13,124365.2152,4655634.71,0.8816934476477843,1.5790794979079499,0.9158431904060261,1.4286104607791013,1.2038566843932181,2.1115183958126384,1.4590983926508736,6048061.4399999995,4344047.7075316105,1.3922640466203926,-0.12591084841525604,0.3309312325876832,0.4568420810029392,-0.08791011847567588,0.3567022661108493,0.18553030690565367,0.7474073075550177,0.3778187056841033,7.703007682479236,1.0,1,0,1,16
Ottoman/Turkey,Long Turkish War,1593,1606,13,Indecisive,Habsburg Austria,Austria,European,Defensive,Home,Constantinople,Vienna,1276,807.68,7788.0,1941.0,2465.0,2.392608265,2.881000007,6281.378148000001,7519706.15,9388536.705,5090.258339,2713755.596,913375.2415,188577.3136,7688922.905,60410.0,2032590.0,0.41611540443070577,3.1594320486815417,0.8304783961078275,1.2339998738126916,2.7709592422706883,10.278948101966918,3.1216241284555535,6290211.84,4784565.0,1.3146883447084532,-0.8767926426962714,0.2735996373190286,1.1503922800153,-0.18575336338233314,0.21026082322443201,1.0191935571009567,2.3300979300800995,1.1383534203723271,7.151485463904735,,0,1,0,16
Ottoman/Turkey,Ottoman-Safavid War of 1603,1603,1618,15,Lost,Safavid Persia,Iran,Colonial / Eastern,Defensive,Away,Constantinople,Isfahan,2215,811.9466666666667,7915.0,905.5118196811435,5000.0,2.401350321,2.623466107,6411.405572000001,7618981.6,9530987.17,4462.5358750000005,6341105.88,4475080.705,192480.9517,7822519.265,131173.3052,4868826.595,0.8966715276588839,1.583,0.9153349893077157,1.4367179898581768,1.2015225331641994,2.129791125185976,1.4673789869556477,6426557.866666667,4527559.098405718,1.419431028284013,-0.10906567388814507,0.35025610701072984,0.4593217808988751,-0.08846517217496937,0.362361338608662,0.1835895302126191,0.7560239116198456,0.383477807279489,7.703007682479236,0.0,0,0,1,17
Ottoman/Turkey,Polish-Ottoman War of 1620,1620,1621,1,Indecisive,Poland-Lithuania,Poland,European,Offensive,Away,Constantinople,Warsaw,1386,819.2,8000.0,872.0,5200.0,2.41621184,6.9399999999999995,6521.39768,7629440.0,9582588.8,23684.481399999997,3170940.96,5149775.7,195783.098,7904217.1,355600.0,4844400.0,0.9394495412844037,1.5384615384615385,0.348157325648415,0.27534475295709876,2.406049212597134,1.860777897569403,0.5505711417322835,6553600.0,4534400.0,1.4453069865913903,-0.06246116962373623,0.368321746468718,0.43078291609245434,-1.0551008161707915,-1.2897313193582496,0.8779860714568266,0.6209946247932993,-0.5967991000477102,7.234177179749849,,1,0,0,17
Ottoman/Turkey,Ottoman-Safavid War of 1623,1623,1639,16,Won,Safavid Persia,Iran,Colonial / Eastern,Offensive,Away,Constantinople,Isfahan,2215,820.48,8015.0,902.8840021990104,5000.0,2.418834461,2.643721487,6540.808052,7631285.6,9591694.97,4496.990375,6330375.08,4439305.405,196365.8297,7918634.365,132186.0732,4867813.895,0.9087324595426299,1.603,0.9149354320771536,1.45448566854004,1.2055029131070065,2.160629669496686,1.4855258571974888,6576147.2,4514420.010995052,1.4566981326468358,-0.09570455206194899,0.3761723215654669,0.47187687362741587,-0.08890178223241334,0.37465234571794176,0.18689683514965422,0.7703996928700967,0.3957688221624984,7.703007682479236,1.0,1,0,1,17
Ottoman/Turkey,War of Candia,1645,1669,24,Won,Venice,Italy,European,Offensive,Away,Constantinople,Venice,1432,829.8666666666667,8125.0,2413.9957360744047,13190.0,2.4380670149999997,17.71932485,6683.15078,7644820.0,9658473.55,193036.6075,3230046.815,12472429.0,200639.1955,8024360.975,2368457.65,11002423.75,0.34377304577023843,0.6159969673995451,0.13759367445650728,0.034621157440305715,2.366783033762314,0.7743859315615267,0.08471301798450988,6742666.666666667,31840603.758821398,0.2117631536681719,-1.067773590007893,-1.552286828521315,-0.48451323851342204,-1.9834503250591398,-3.363290297086241,0.8615316633657388,-0.2556849100733141,-2.468485993921396,7.266827347520591,1.0,1,0,0,17
Ottoman/Turkey,Austro-Turkish War of 1663,1663,1664,1,Won,Habsburg Austria,Austria,European,Offensive,Away,Constantinople,Vienna,1276,848.9,8215.0,1941.0,2500.0,2.4538027409999996,4.134,6799.613012,7655893.6,9713110.57,5741.345881,2649674.6,887622.2947,204135.5857,8110864.565,87418.8,2025181.2,0.4373518804739825,3.286,0.593566216981132,1.1843238768286288,2.889371245812599,10.942842048917726,2.335145136972825,6973713.5,4852500.0,1.4371382792375065,-0.8270171894250882,0.3626538301899882,1.1896710196150764,-0.5216065008423013,0.16917204367408048,1.0610389164517342,2.3926855483485587,0.8480740463509937,7.151485463904735,1.0,1,0,0,17
Ottoman/Turkey,Polish-Ottoman War of 1672,1672,1676,4,Won,Poland-Lithuania,Poland,European,Offensive,Away,Constantinople,Warsaw,1386,860.6,8260.0,784.0,5720.0,2.461670604,5.223999999999999,6857.844128,7661430.4,9740429.08,18896.31984,3297893.136,5498577.92,205883.78079999998,8154116.36,292160.0,5427840.0,1.097704081632653,1.444055944055944,0.4712233162327719,0.3629195624368729,2.323128762532468,1.7714451303074379,0.7046953066812705,7108556.0,4484480.0,1.5851461038961039,0.09322080005409145,0.4606765821952716,0.3674557821411801,-0.7524231652018138,-1.0135740603552126,0.8429148816677313,0.5717956712661867,-0.34998975869507826,7.234177179749849,1.0,1,0,0,17
Ottoman/Turkey,Russo-Turkish War of 1676,1676,1681,5,Indecisive,Russia,Russia,European,Offensive,Away,Constantinople,Moscow,1756,865.8,8280.0,754.4524815738736,,2.465167432,1.680000008,6883.7246239999995,7663891.2,9752570.64,8897.389912,5613010.82,14581912.16,206660.75639999998,8173339.38,177912.0,10229688.0,1.1475871856022566,,1.4673615596792307,0.773679100509673,1.3653797303743662,0.6688128781047328,1.1615897544853635,7168824.0,,,0.137661638804675,,,0.3834659307431204,-0.2565980901869773,0.3114325806995026,-0.4022509618576575,0.1497895448750506,7.470793774195062,,1,0,0,17
Ottoman/Turkey,Great Turkish War,1683,1699,16,Lost,Habsburg Austria,Austria,European,Offensive,Away,Constantinople,Vienna,1276,874.9,8315.0,1941.0,2500.0,2.4712868809999997,4.494,6929.0154919999995,7668197.6,9773818.37,5880.523621,2639438.6,879341.8326999999,208020.4637,8206979.665,95170.8,2021429.2,0.45074703760947965,3.326,0.5499080732087227,1.1782990663035038,2.905238106315487,11.114924829619106,2.185759326390027,7274793.5,4852500.0,1.4991846470891292,-0.7968489890567914,0.4049213917139445,1.201770380770736,-0.5980041543455076,0.1640719293270195,1.0665153512532413,2.408288784426049,0.7819632859758687,7.151485463904735,0.0,1,0,0,17
Ottoman/Turkey,Russo-Turkish War of 1710,1710,1711,1,Won,Russia,Russia,European,Defensive,Home,Constantinople,Moscow,1756,902.2,8539.5,754.4524815738736,101936.816,2.8010578,2.0,8023.263,7718729.5,9906884.0,13040.001,7031233.5,18266450.0,240871.58,8358436.5,260747.56,12776630.0,1.1958340943062555,0.0837724811808915,1.4005289,0.6152808577238605,1.0977774383399441,0.5423540972657522,0.9237730930253,7704336.9,76906483.79493934,0.10017798916073924,0.1788439287710905,-2.300806783516652,-2.4796507122877425,0.3368499509924434,-0.48567643619605044,0.09328762521900492,-0.6118361748720041,-0.07928880781672035,7.470793774195062,1.0,0,1,0,18
Ottoman/Turkey,Ottoman-Venetian War of 1714,1714,1718,4,Won,Venice,Italy,European,Offensive,Away,Constantinople,Venice,1432,904.28,8595.3,2472.9264175606168,14102.2,2.90776468,16.9784712,8379.852200000001,7742419.3,9950437.6,195009.208,3249549.7800000003,12412569.2,251576.98799999998,8397582.3,2392660.44,11699253.2,0.36567202063861415,0.6095006452893874,0.17126186720509912,0.042971571885979866,2.3826129230739155,0.8016420645614608,0.10514529508416162,7772557.883999999,34873702.92572333,0.2228773325435095,-1.006018465808693,-1.501133737150807,-0.49511527134211386,-1.7645615066927425,-3.1472165008547637,0.8681977523060939,-0.22109307427801536,-2.2524121226356324,7.266827347520591,1.0,1,0,0,18
Ottoman/Turkey,Austro-Turkish War of 1716,1716,1718,2,Lost,Habsburg Austria,Austria,European,Defensive,Home,Constantinople,Vienna,1276,905.32,8623.2,1941.0,2615.866666666667,2.96111812,5.59999982,8558.1468,7754264.2,9972214.4,6811.433,2502314.3,946701.75,256929.69199999998,8417155.2,128945.09000000001,2171232.64,0.4664193714580114,3.296498292471584,0.5287711098533572,1.2564385203524722,3.098837024589597,10.533638920599863,1.992551185935036,7806755.4240000015,5077397.2,1.5375506615870038,-0.7626701108074851,0.43019067078136947,1.1928607815888548,-0.6371996253460508,0.22828114751869683,1.1310268877452803,2.354573842953287,0.6894158206546706,7.151485463904735,0.0,0,1,0,18
Ottoman/Turkey,Ottoman-Safavid War of 1730,1730,1735,5,Lost,Afsharid Persia,Iran,Colonial / Eastern,Defensive,Home,Constantinople,Isfahan,2215,912.6,8818.5,888.8251786695987,5390.0,3.3599987,3.6783497,9905.263,7835798.5,10124772.0,6800.1625,6817424.0,4610383.5,297372.3,8552997.0,199886.28,5234242.5,1.026748591175137,1.6360853432282003,0.9134527638848475,1.4566215145593948,1.149378196221916,2.1960802176218097,1.4877074104335726,8047763.100000001,4790767.713029137,1.6798483212018456,0.02639710173295362,0.5187035043403303,0.49230640260737646,-0.09052361343934577,0.3761197230889955,0.13922109720731046,0.7866740519517977,0.39723628430300506,7.703007682479236,0.0,0,1,1,18
Ottoman/Turkey,Russo-Turkish War of 1735,1735,1739,4,Indecisive,Russia,Russia,European,Defensive,Home,Constantinople,St. Petersburg,2105,915.2,8888.25,754.4524815738736,101936.816,3.51999865,2.0,10455.555,7863888.75,10179284.0,18859.616,9395898.5,26297693.0,313893.0,8600609.5,377116.43999999994,18478705.0,1.2130651331291122,0.08719371811652425,1.759999325,0.5543885411028517,0.8369490953951876,0.3870789730490808,0.8323503478129992,8134526.4,76906483.79493934,0.10577165927504378,0.19315032442232838,-2.2464726661879926,-2.4396229906103213,0.5653134255272595,-0.5898895003264506,-0.1779920282690434,-0.9491265420444224,-0.18350183567352032,7.652070746116482,,0,1,0,18
Ottoman/Turkey,Austro-Turkish War of 1737,1737,1739,2,Won,Habsburg Austria,Austria,European,Defensive,Home,Constantinople,Vienna,1276,916.24,8916.15,1941.0,2767.9416666666666,3.58399863,6.64999979,10675.6718,7875124.85,10201088.8,7674.093800000001,2254370.46,1041023.432,320501.28,8619654.5,168806.204,2367854.88,0.47204533745492017,3.2212203412282894,0.5389471794253996,1.3911312629512034,3.4932700679550246,9.799096241668458,1.898634483836862,8169333.276,5372574.774999999,1.520562042991761,-0.7506802440795494,0.41908003163806684,1.1697602757176162,-0.6181377102306683,0.33011727437784105,1.2508382797425746,2.2822901611860664,0.6411349350715364,7.151485463904735,1.0,0,1,0,18
Ottoman/Turkey,Russo-Turkish War of 1768,1768,1774,6,Lost,Russia,Russia,European,Offensive,Away,Constantinople,St. Petersburg,2105,936.1142857142858,9348.6,754.4524815738736,101936.816,4.75065918,2.00000004,14795.2412,8039325.9,10538097.2,26541.485399999998,12895628.6,34790614.0,444177.49600000004,8903734.0,530723.388,26005446.0,1.2407862769056641,0.0917097508715595,2.375329542493409,0.5574383263417503,0.6234148136059068,0.3029005811739913,0.836928437757109,8751358.011428572,76906483.79493934,0.1137922003398683,0.2157452729428739,-2.173381297952751,-2.3891265708956246,0.8651361825951238,-0.5844034071632673,-0.47254314932951524,-1.1943506422515742,-0.17801671064594432,7.652070746116482,0.0,1,0,0,18
Ottoman/Turkey,Russo-Turkish War of 1787,1787,1792,5,Lost,Russia,Russia,European,Defensive,Home,Constantinople,St. Petersburg,2105,949.9571428571428,9613.65,754.4524815738736,101936.816,5.64820601,2.0,18079.344699999998,8128192.75,10742500.0,30963.7913,15044541.6,39528329.8,542771.6939999999,9064273.6,619163.732,30339023.0,1.2591344929708816,0.09430989094264038,2.824103005,0.5838866605459906,0.5402752018712222,0.2717671111922366,0.8766206189867722,9132555.48642857,76906483.79493934,0.11874883671420065,0.23042457459181423,-2.1307446322063104,-2.3611692067981247,1.038190793824161,-0.5380483893963351,-0.6156766361478019,-1.3028097882943717,-0.13168096972857038,7.652070746116482,0.0,0,1,0,18
Ottoman/Turkey,French Invasion of Egypt,1798,1801,3,Won,France,France,European,Defensive,Home,Constantinople,Paris,2255,957.9714285714285,9767.1,1706.167550679424,29457.183333333334,6.2413642,25.881062399999998,20295.2552,8174429.0,10859499.6,179484.656,16822632.4,24671887.2,609296.968,9150964.2,7186924.3,20575256.4,0.5614755878987081,0.3315693795118452,0.24115564127692068,0.1130751544577716,0.4859185415000806,0.4401568275652622,0.08477854260966684,9356602.74,50258890.33774809,0.18616811229062313,-0.5771869823316617,-1.6811051839574083,-1.1039182016257467,-1.4223127395128212,-2.17970259764285,-0.7217142792119215,-0.8206241892899022,-2.467712803466466,7.720905251936779,1.0,0,1,0,18
Ottoman/Turkey,Russo-Turkish War of 1806,1806,1812,6,Lost,Russia,Russia,European,Defensive,Home,Constantinople,St. Petersburg,2105,963.8,9878.7,754.4524815738736,101936.816,6.71479236,1.9652969200000001,22090.0716,8204850.3,10943650.4,34746.196,17193454.8,44266156.0,663180.404,9210162.2,695002.974,34685202.4,1.2774827090360996,0.09691003101372128,3.4166808545143392,0.6357551082714205,0.4772077744375144,0.24722387008259764,0.9542123254281211,9521091.06,76906483.79493934,0.1238008889521811,0.2448915080030273,-2.0890807382066856,-2.3339722462097128,1.228669569448468,-0.4529418396804617,-0.7398032971108794,-1.3974609962375881,-0.046869068955550874,7.652070746116482,0.0,0,1,0,19
Ottoman/Turkey,Greek War of Independence,1821,1832,11,Lost,Greece,Greece,European,Defensive,Home,Constantinople,Athens,562,977.82,10108.38,1535.28384279476,2333.0,7.6918809,8.0,25916.461900000002,8273356.15,11124803.3,5295.14163,1467349.8,1115210.28,778056.7259999999,9334009.3,186736.0,2147464.0,0.6368985152739064,4.332781825975139,0.9614851125,4.8943850251650405,5.638298482066103,9.975520760084816,4.166613432867791,9884176.1316,3581817.205240175,2.759542311969331,-0.4511449527836899,1.0150648369812911,1.466209789764981,-0.03927619769251986,1.588088634824385,1.7295823324161836,2.3001341679380074,1.4271035794468006,6.331501849893691,0.0,0,1,0,19
Ottoman/Turkey,Russo-Turkish War of 1828,1828,1829,1,Lost,Russia,Russia,European,Defensive,Home,Constantinople,St. Petersburg,2105,1004.56,10349.04,754.4524815738736,101936.816,8.1998352,2.9132421600000002,28361.428200000002,8420584.7,11375692.4,59312.2068,19712427.2,49821502.4,851464.228,9527064.4,1191358.82,39615428.8,1.3315086430683793,0.10152406565259013,2.8146768272775513,0.47817185922004846,0.427171378469314,0.2283289714683514,0.7147000666012612,10396231.6224,76906483.79493934,0.13518017089586537,0.2863126174775032,-2.001146791101042,-2.2874594085785454,1.0348474511921517,-0.7377850729917658,-0.8505699915457048,-1.4769678326288023,-0.3358923115684915,7.652070746116482,0.0,0,1,0,19
Ottoman/Turkey,Egyptian-Ottoman War of 1831,1831,1833,2,Lost,Egypt,Egypt,Colonial / Eastern,Defensive,Home,Constantinople,Cairo,1236,1016.02,10452.18,1008.58,4822.1,8.4244409,11.2371842,29446.311,8480937.6,11480273.7,13014.51914,0.0,451818.72000000003,884041.66,9606669.7,533024.2,4206975.77,1.0073767078466755,2.1675577030754236,0.749693228308921,2.2625738748577384,,25.409026212990906,1.6585394434248955,10619623.9236,4863473.618000001,2.1835471429918214,0.007349633004618352,0.7809506842722658,0.7736010512676478,-0.2880911850483666,0.8165030479297071,,3.235104473614293,0.5059373617117952,7.119635638017636,0.0,0,1,1,19
Ottoman/Turkey,Egyptian-Ottoman War of 1839,1839,1841,2,Won,Egypt,Egypt,Colonial / Eastern,Offensive,Home,Constantinople,Cairo,1236,1046.58,10727.22,1046.82,5278.9,9.060248099999999,12.085273800000001,32536.879000000004,8627238.4,11743463.3,14940.29146,0.0,482321.27999999997,976872.54,9802243.3,611896.52,4448103.53,0.9997707342236487,2.032093807422001,0.7496932423657624,2.1777941271836476,,24.347802568445665,1.5964668993378162,11226893.907599999,5526058.097999999,2.0316279178576235,-0.000229292061767039,0.7088374016587766,0.7090666937205438,-0.28809116629824233,0.7783124962523182,,3.19244160186074,0.4677929996898741,7.119635638017636,1.0,1,1,1,19
Ottoman/Turkey,Crimean War,1853,1856,3,Won,Russia,Russia,European,Defensive,Home,Constantinople,St. Petersburg,2105,1100.06,11208.54,754.4524815738736,101936.816,10.2961797,5.09722572,38759.2401,8877372.4,12212630.1,129795.338,26667743.2,65129251.0,1164636.1800000002,10139206.4,2841170.08,52514552.2,1.4580905051901345,0.10995575926169796,2.019957574097778,0.2986181221701507,0.3328880263103779,0.18751375015812788,0.40991427728958774,12330066.5124,76906483.79493934,0.16032544857045397,0.377127706550253,-1.8305494760689853,-2.2076771826192383,0.7030765082706568,-1.2085897052626746,-1.099949102875057,-1.6739031020838089,-0.8918072209255015,7.652070746116482,1.0,0,1,0,19
Ottoman/Turkey,Russo-Turkish War of 1877,1877,1878,1,Lost,Russia,Russia,European,Defensive,Home,Constantinople,St. Petersburg,2105,1215.139534883721,12315.06976744186,810.125270390284,101936.816,12.8081806,8.70529091,50768.4234,9199855.2,12923799.2,218560.545,35131103.4,83752694.0,1557688.51,10599059.1,6389658.2,66564513.0,1.4999402923183944,0.12081081448965268,1.4713098887122658,0.23228539899550488,0.2618720822756737,0.15430905661374902,0.24378275977265887,14964528.149269875,82581590.62472463,0.18120900840083298,0.4054253021948491,-1.7081041713726344,-2.1135294735674837,0.3861530847705201,-1.4597884952685405,-1.3398991300358756,-1.8687978264959046,-1.4114777790676076,7.652070746116482,0.0,0,1,0,19
Ottoman/Turkey,Greco-Turkish War of 1897,1897,1897,1,Won,Greece,Greece,European,Defensive,Home,Constantinople,Athens,562,1358.3953488372092,13806.697674418605,2004.0,4813.0,15.364007200000001,8.0,55302.01,9230557.0,13248313.3,8700.527,3031969.29,2301894.92,1946364.31,10717195.8,385440.0,4432560.0,0.6778419904377292,2.868626153006151,1.9205009000000002,6.356167850522159,3.0444097934778225,5.755394473002269,5.049720605022832,18754953.903731745,9645252.0,1.944475261375415,-0.388841070654411,0.6649921521750158,1.0538332228294272,0.6525860374316742,1.8494256565262446,1.1133070542886683,1.7501375842213578,1.6193329160186902,6.331501849893691,1.0,0,1,0,19
Ottoman/Turkey,Italo-Turkish War,1911,1912,1,Lost,Italy,Italy,European,Defensive,Home,Constantinople,Rome,1374,1458.6744186046512,14850.837209302324,3870.0,36917.0,17.4425289,37.5142917,55302.01,9260294.1,13552989.1,534703.25,5898618.65,17042246.6,2291843.95,10836648.1,13099950.5,21781521.4,0.37691845441980654,0.40227638240654234,0.4649569033446525,0.10342561037360443,1.5699089311359362,0.7952583610660814,0.17495058092013402,21662536.33207139,142868790.0,0.151625392306265,-0.9757264162043434,-1.8863423243757464,-0.9106159081714031,-0.76581055866917,-2.268902665046039,0.45101761203192364,-0.22908823465011263,-1.7432517396816178,7.2254814727822945,0.0,0,1,0,20
Ottoman/Turkey,First Balkan War,1912,1913,1,Lost,Greece,Greece,European,Defensive,Home,Constantinople,Athens,562,1465.8372093023256,14925.418604651162,3135.0,5390.0,17.6070808,8.964,55302.01,9321063.2,13669820.2,8789.031,3396411.66,2578045.72,2337550.9,10919433.2,486384.8,4909615.2,0.46757167760839735,2.7690943607887126,1.964199107541276,6.292162355554327,2.744385584873419,5.302396343847617,4.805970293479566,21878233.95511087,16897650.0,1.2947500957299312,-0.7602026209183911,0.25831770025886136,1.0185203211772524,0.6750845833789837,1.8393047883523717,1.0095572192604698,1.6681588587220357,1.5698589561631653,6.331501849893691,0.0,0,1,0,20
Ottoman/Turkey,Second Balkan War,1913,1913,1,Won,Bulgaria,Bulgaria,European,Offensive,Away,Constantinople,Athens,562,1473.0,15000.0,1763.5555555555557,4720.0,17.7716327,12.1453463,55302.01,9381832.3,13786651.3,19207.837199999998,1171285.62,2964204.11,2383257.85,11002218.3,482333.072,3465297.21,0.8352444556451613,3.1779661016949152,1.4632462723603032,2.8791377927755453,8.009858688438436,4.651046550232333,4.941103955649966,22095000.0,8323982.222222223,2.6543785666689446,-0.18003083572580442,0.9762105657789416,1.156241401504746,0.3806574416788943,1.0574908718169709,2.0806731190318186,1.537092258842128,1.5975887790371406,6.331501849893691,1.0,1,0,0,20
Ottoman/Turkey,World War I,1914,1918,4,Lost,United Kingdom,United Kingdom,European,Defensive,Home,Constantinople,London,2500,1344.8,14887.7,8131.0,46049.0,17.9361846,66.913544,55302.01,9442601.4,13903482.4,606681.818,9452668.8,7774912.7,2428964.8,11085003.4,28590480.0,14111363.2,0.16539171073668674,0.32330126604269366,0.2680501364566791,0.09115488277250465,0.9989349674453842,1.788249326580863,0.08495711859332197,20020978.96,374424419.0,0.0534713494741378,-1.7994386141134318,-2.928609292372178,-1.129170678258746,-1.316581239636983,-2.3951952107512904,-0.0010656001047956898,0.5812371114263121,-2.46560863692566,7.824046010856292,0.0,0,1,0,20
Ottoman/Turkey,Turkish War of Independence,1919,1922,3,Won,Greece,Greece,European,Defensive,Home,Constantinople,Athens,562,865.4,14326.2,2031.0,5660.0,18.7589441,12.058,55302.01,9746446.9,14487637.9,9098.795,3564185.77,2705132.54,2657499.55,11498928.9,684235.6,4977764.4,0.4260955194485475,2.53113074204947,1.5557259993365402,6.077948783327902,2.7345507582787976,5.355611115453884,3.8838954740150906,12397893.48,11495460.0,1.0785034683257564,-0.8530917337896002,0.07557440272113942,0.9286661365107397,0.44194231727863703,1.8046672678924478,1.005967165811533,1.6781448179213978,1.356838638124384,6.331501849893691,1.0,0,1,0,20
Ottoman/Turkey,Turkish Invasion of Cyprus,1974,1974,1,Won,Cyprus,Cyprus,European,Offensive,Away,Ankara,Nicosia,531,5353.0,39512.945,6503.0,640.7,42.56395,34.34638,170446.4,10400000.0,27928000.0,6736.011,4000.0,283000.0,16448375.0,22195536.0,220620.17,421718.8,0.8231585422112871,61.67152333385359,1.2392557818320298,25.303759153599955,2600.0,98.68551236749117,74.55517326452971,211512794.585,4166472.1,50.76544124344431,-0.1946064574757705,3.927215832598487,4.121822290074257,0.2145110234973576,3.2309529678423354,7.8632667240095735,4.591938151141634,4.3115394320228635,6.274762021241939,1.0,1,0,0,20
Austria,Fifth Crusade,1217,1221,4,Lost,Ayyubid Sultanate,Egypt,Colonial / Eastern,Offensive,Away,Vienna,Cairo,2383,,1264.2,1060.246153846154,4566.0,0.585,2.658141711,748.5734224999999,3289869.116,682301.9615000001,2676.6069700000003,0.0,392624.7476,8587.5,1368912.5,109623.42839999999,4009376.5889999997,,0.2768725361366623,0.22007855998765447,0.27967252229788514,,1.7377966255838737,0.07833635679286965,,4841083.938461538,,,,-1.2841980370515425,-1.5137707055185654,-1.2741359235075327,,0.552618003646353,-2.5467434568951637,7.776115477098742,0.0,1,0,1,13
Austria,Mongol Invasion of Europe,1241,1242,1,Won,Mongol Empire (Golden Horde),,Colonial / Eastern,Defensive,Home,Vienna,Sarai,2117,,1326.6,,,0.7050000000000001,,1036.2348425,3426979.868,765810.1895000001,,,,11887.5,1545612.5,,,,,,,,,,,,,,,,,,,,,7.6577552711348655,1.0,0,1,1,13
Austria,Austrian-Hungarian War,1246,1254,8,Won,Kingdom of Hungary,Hungary,European,Defensive,Home,Vienna,Buda,214,,1339.6,,869.0,0.73,1.1093332516,1096.1643049999998,3455544.608,783207.737,1225.9323916,2185603.902,1252966.146,12575.0,1582425.0,12462.666240000002,994537.3489999999,,1.5415420023014959,0.6580529330993327,0.8941474362785731,1.581047967949684,0.625082919838123,1.0090136217914152,,,,,,0.4327832156546574,-0.41846990545266544,-0.1118845998684713,0.4580878980262083,-0.4698709663048558,0.008973241569159665,5.365976015021851,1.0,0,1,0,13
Austria,Habsburg-Přemyslid War,1278,1278,1,Won,Kingdom of Bohemia,Czech Republic,European,Defensive,Home,Vienna,Prague,250,,1422.8000000000002,,,0.89,1.4791109988,1479.712865,3638358.944,894552.041,1958.2083888,3980054.664,1437891.19,16975.0,1818025.0,31033.6,1970566.4,,,0.601712786073564,0.7556462700615717,0.9141479831695096,0.6221277710172214,0.5469877809857703,,,,,,,-0.5079750470670916,-0.28018190904439544,-0.08976281344589389,-0.47460978769684825,-0.6033288150440815,5.521460917862246,1.0,0,1,0,13
Austria,Battle of Morgarten,1315,1315,1,Lost,Swiss Confederacy,Switzerland,European,Offensive,Away,Vienna,Bern,683,,1519.0,2013.0427559748316,520.5,1.045000015,0.10382848949999998,1694.3682649999998,3606612.605,913757.8775,48.471289500000005,1475243.7349999999,106006.205,19437.5,1868062.5,622.97094,769377.035,,2.9183477425552353,10.064675119828264,34.95612108689618,2.444757106526536,8.619852748242426,31.201294879019557,,1047788.7544848998,,,,1.0710176145407493,2.3090317803619858,3.5540935917396217,0.8939457750580672,2.154068001959209,3.4404595964869085,6.52649485957079,0.0,1,0,0,14
Austria,Battle of Sempach,1386,1386,1,Lost,Swiss Confederacy,Switzerland,European,Offensive,Away,Vienna,Bern,683,,1703.6,2070.1584604453137,570.2,1.258000086,0.5952833397999999,1462.272886,2861438.2819999997,642332.581,277.9020598,1331338.7340000002,84629.596,16775.0,1338225.0,3571.700056,624428.334,,2.9877236057523673,2.1132795122783987,5.261828167277225,2.1492939467049257,7.589928480811842,4.6966429814900446,,1180404.354145918,,,,1.0945117615704867,0.7482410120805737,1.6604785266833861,0.7651393913240775,2.0268221685452046,1.5468479942539033,6.52649485957079,0.0,1,0,0,14
Austria,Burgundian Wars,1474,1477,3,Won,Burgundian State,Belgium,European,Offensive,Away,Vienna,Dijon,851,,1932.4,2314.0293529019345,1348.0,1.3000001,28.71599974,2044.157914,3026958.8419999997,825739.4539999999,13198.229220000001,1902348.2780000002,225746.21300000002,23465.0,1781535.0,328296.0,804704.0,,1.4335311572700298,0.045270932991030875,0.15488122534668328,1.591169649115113,3.657821954249128,0.07147513219777274,,3119311.567711808,,,,0.3601407412079993,-3.0950901082694857,-1.8650967438975938,0.4644693741644943,1.296867875806831,-2.638405691208872,6.7464121285733745,1.0,1,0,0,15
Austria,War of the Burgundian Succession,1477,1482,5,Lost,France,France,European,Defensive,Away,Vienna,Paris,1033,,1940.2,1505.4514225961082,14609.0,1.3000001,6.561904584,2069.603197,3039625.991,835344.617,69157.62587,23408583.28,14969143.53,23757.5,1803742.5,920365.7082,13041776.92,,0.1328085426791704,0.19811322815784488,0.02992588555440531,0.12985091641991928,0.05580443632769416,0.025813108624465807,,21993139.832706545,,,,-2.018846716605331,-1.6189165523538136,-3.509031435514618,-2.0413682833709887,-2.8859019086746134,-3.6568728298670594,6.940222469119639,0.0,0,0,0,15
Austria,Austrian-Hungarian War of 1477,1477,1488,11,Lost,Kingdom of Hungary,Hungary,European,Defensive,Home,Vienna,Buda,214,,1940.2,,1215.5,1.3000001,4.892000069,2069.603197,3039625.991,835344.617,5721.105498,2009033.978,1382763.3050000002,23757.5,1803742.5,58160.0,1134340.0,,1.5962155491567256,0.26574000034013495,0.36174882594342955,1.5129788865123914,0.6041125143973934,0.40848521320495185,,,,,,0.4676355457710051,-1.3252368905390213,-1.0168051589673666,0.41408047999133035,-0.503994816280791,-0.8952995631219307,5.365976015021851,0.0,0,1,0,15
Austria,Austrian-Hungarian War of 1490,1490,1491,1,Won,Kingdom of Hungary,Hungary,European,Offensive,Away,Vienna,Buda,214,,1974.0,,1235.0,1.3000001,4.84000003,2179.86609,3094516.9699999997,876966.99,5823.40866,1981587.26,1414732.4500000002,25025.0,1899975.0,59200.0,1165800.0,,1.5983805668016193,0.2685950603186257,0.37432820144894313,1.5616354790250315,0.6198818652954485,0.42271959459459457,,,,,,0.4689909709313493,-1.3145503855363223,-0.9826223224030806,0.4457336560811492,-0.4782263589440732,-0.8610462166886758,5.365976015021851,1.0,1,0,0,15
Austria,Swabian War,1499,1499,1,Lost,Swiss Confederacy,Switzerland,European,Offensive,Away,Vienna,Bern,683,,1997.4,2161.0609196729815,649.3,1.3000001,2.3564122732999997,2256.201939,3132518.417,905782.4789999999,1465.6794668,1255187.7789999999,103220.2389,25902.5,1966597.5,18837.454586,779162.527,,3.07623594640382,0.5516861861271143,1.5393556300041087,2.4956571991926637,8.775241063698022,1.3750530827689822,,1403176.8551436667,,,,1.1237067542945933,-0.5947758977572767,0.4313639067873408,0.9145521010081288,2.171934240621089,0.31849233602352456,6.52649485957079,0.0,1,0,0,15
Austria,Ottoman-Habsburg War of 1526,1526,1533,7,Lost,Ottoman Empire,Turkey,Colonial / Eastern,Defensive,Home,Vienna,Constantinople,1276,,2130.0,779.0933333333334,6716.0,1.7420000740000001,2.3340365299999997,3054.629298,3018486.872,910211.803,5222.614936000001,6587163.3,8112241.3100000005,35620.0,1990380.0,156791.4952,6548208.71,,0.31715306730196546,0.7463465338308138,0.584885030857653,0.45823774734717754,0.11220225930384706,0.22718068958117824,,5232390.826666667,,,,-1.1483707594939607,-0.29256526407416844,-0.5363399795129831,-0.7803671305419312,-2.187452149698352,-1.4820095887878426,7.151485463904735,0.0,0,1,1,16
Austria,Ottoman-Habsburg War of 1536,1536,1547,11,Lost,Ottoman Empire,Turkey,Colonial / Eastern,Defensive,Home,Vienna,Constantinople,1276,,2180.0,783.36,6876.0,1.9120000639999999,2.34277858,3358.454528,2973004.5919999997,910683.958,5380.639296,6726348.8,8302733.16,39320.0,1996680.0,161535.6472,6718464.56,,0.3170447934845841,0.8161249553510942,0.6241738840395221,0.44199381869700244,0.10968483997382857,0.2434137645873127,,5386383.36,,,,-1.148712210719605,-0.20318780418375676,-0.471326289111538,-0.8164593818506386,-2.210144116566862,-1.4129925487240074,7.151485463904735,0.0,0,1,1,16
Austria,Ottoman-Habsburg War of 1551,1551,1562,11,Lost,Ottoman Empire,Turkey,Colonial / Eastern,Defensive,Home,Vienna,Constantinople,1276,,2255.0,789.76,7116.0,2.167000049,2.3558916549999998,3814.192373,2904781.172,911392.1905,5617.675836,6935127.05,8588470.935,44870.0,2006130.0,168651.8752,6973848.335,,0.31689151208544125,0.9198216074159828,0.6789627035005015,0.41885046244394325,0.10611809685305758,0.26605099971043783,,5619932.16,,,,-1.149195796848947,-0.08357553272368012,-0.38718908150276016,-0.8702413143028439,-2.2432026837873065,-1.3240672603432184,7.151485463904735,0.0,0,1,1,16
Austria,Ottoman-Habsburg War of 1566,1566,1568,2,Lost,Ottoman Empire,Turkey,Colonial / Eastern,Defensive,Home,Vienna,Constantinople,1276,,2330.0,796.16,7356.0,2.422000034,2.36900473,4269.9302179999995,2836557.752,912100.423,5854.712376,7143905.3,8874208.71,50420.0,2015580.0,175768.1032,7229232.109999999,,0.31674823273518216,1.0223702820551144,0.7293151129854921,0.3970598199279041,0.10278104254773605,0.2868552318769063,,5856552.96,,,,-1.1496480391644655,0.02212373737118272,-0.31564938661582986,-0.9236683297268714,-2.2751543539811148,-1.2487776090317135,7.151485463904735,0.0,0,1,1,16
Austria,Long Turkish War,1593,1606,13,Indecisive,Ottoman Empire,Turkey,Colonial / Eastern,Offensive,Away,Vienna,Constantinople,1276,1941.0,2465.0,807.68,7788.0,2.881000007,2.392608265,5090.258339,2713755.596,913375.2415,6281.378148000001,7519706.15,9388536.705,60410.0,2032590.0,188577.3136,7688922.905,2.4031794770206023,0.316512583461736,1.204125242374351,0.8103728543426008,0.36088585669002504,0.09728621937575947,0.3203460630908044,4784565.0,6290211.84,0.7606365447940144,0.8767926426962713,-0.27359963731902853,-1.1503922800153,0.18575336338233311,-0.21026082322443196,-1.0191935571009567,-2.3300979300800995,-1.1383534203723271,7.151485463904735,,1,0,1,16
Austria,Thirty Years' War,1618,1648,30,Indecisive,Sweden,Sweden,European,Defensive,Home,Vienna,Stockholm,1241,1941.0,2500.0,1664.0,850.0,3.324,1.868000082,5428.195965999999,2672705.6,906253.3342,1548.694777,141024.6322,681841.212,69976.8,2033623.2,18647.322979999997,855944.2880000001,1.1664663461538463,2.9411764705882355,1.779443176705385,3.5050134129818917,18.952048009666782,1.3291266621179243,3.752645893196194,4852500.0,1414400.0,3.430783371040724,0.15397896178785644,1.2327886231597862,1.07880966137193,0.5763004932893355,1.254194347292895,2.9419120000775676,0.284522081523777,1.3224611627027436,7.123672785204607,,0,1,0,17
Austria,Austro-Turkish War of 1663,1663,1664,1,Won,Ottoman Empire,Turkey,Colonial / Eastern,Defensive,Home,Vienna,Constantinople,1276,1941.0,2500.0,848.9,8215.0,4.134,2.4538027409999996,5741.345881,2649674.6,887622.2947,6799.613012,7655893.6,9713110.57,87418.8,2025181.2,204135.5857,8110864.565,2.2864883967487337,0.30432136335970783,1.6847320002239743,0.8443636234691058,0.3460960585972616,0.09138393806012238,0.42823890651026264,4852500.0,6973713.5,0.6958272662047272,0.8270171894250882,-0.3626538301899882,-1.1896710196150764,0.5216065008423014,-0.16917204367408054,-1.0610389164517342,-2.3926855483485587,-0.8480740463509937,7.151485463904735,1.0,0,1,1,17
Austria,Franco-Dutch War,1673,1679,6,Lost,France,France,European,Offensive,Away,Vienna,Paris,1033,1941.0,2500.0,2144.278038829518,20668.83,4.314,6.959430811,5810.934751,2644556.6,883482.0636999999,87487.854,26219440.74,20415754.38,91294.8,2023305.2,1462523.56,19536840.76,0.9051997757993734,0.12095508066978149,0.619878279870437,0.06641990271015219,0.10086243357454619,0.0432745245292278,0.06242278927800657,4852500.0,44319718.25730071,0.10948851190408133,-0.09959961290354835,-2.2119356493474314,-2.112336036443883,-0.4782321430064591,-2.711758527801966,-2.2939977343820632,-3.140191165173111,-2.7738248574921456,6.940222469119639,0.0,1,0,0,17
Austria,War of the Reunions,1683,1684,1,Lost,France,France,European,Defensive,Home,Vienna,Paris,1033,1941.0,2500.0,1953.923871332805,20965.93,4.494,6.974431881,5880.523621,2639438.6,879341.8326999999,87487.854,26608094.54,20649174.98,95170.8,2021429.2,1491014.76,19876121.96,0.9933856832794671,0.11924107349399717,0.6443535583511422,0.06721531449382677,0.09919682884590353,0.042584840970726276,0.06382954921251081,4852500.0,40965831.1116926,0.11845237526781151,-0.006636288251406593,-2.1332442956631485,-2.1266080074117415,-0.4395076998743111,-2.6998541631636095,-2.3106492324814725,-3.1562569347925367,-2.751539042052899,6.940222469119639,0.0,0,1,0,17
Austria,Great Turkish War,1683,1699,16,Won,Ottoman Empire,Turkey,Colonial / Eastern,Defensive,Home,Vienna,Constantinople,1276,1941.0,2500.0,874.9,8315.0,4.494,2.4712868809999997,5880.523621,2639438.6,879341.8326999999,6929.0154919999995,7668197.6,9773818.37,95170.8,2021429.2,208020.4637,8206979.665,2.2185392616299007,0.30066145520144316,1.8184857592015033,0.8486809746333297,0.3442058665780861,0.08996911947935042,0.45750691209520655,4852500.0,7274793.5,0.6670292428231812,0.7968489890567915,-0.4049213917139445,-1.201770380770736,0.5980041543455076,-0.16407192932701956,-1.0665153512532413,-2.408288784426049,-0.7819632859758687,7.151485463904735,1.0,0,1,1,17
Austria,Nine Years' War,1688,1697,9,Indecisive,France,France,European,Offensive,Away,Vienna,Paris,1033,1941.0,2500.0,1941.8349109790838,21114.48,4.584,6.981932415999999,5915.318056,2636879.6,877271.7172,87487.854,26802421.44,20765885.28,97108.8,2020491.2,1505260.36,20045762.56,0.9995700401850006,0.11840215813981685,0.6565517577189908,0.06761302038566404,0.0983821408040661,0.04224581352401654,0.06451295907373791,4852500.0,41000834.391169645,0.11835124996980753,-0.0004300522742240888,-2.1340983814403383,-2.1336683291661145,-0.4207537494756336,-2.6939547052246144,-2.3188959872899395,-3.1642500182774707,-2.740889159489395,6.940222469119639,,1,0,0,17
Austria,War of the Spanish Succession,1701,1714,13,Won,France,France,European,Offensive,Away,Vienna,Paris,1033,1941.0,2507.241666666667,1776.4617571071435,21552.491666666665,4.85,7.19260623,6051.80813,2623513.4,876985.671,87487.854,27129599.4,21088439.0,103416.839,2027844.28,1587183.31,20465214.6,1.0926213256404667,0.11633187036765666,0.6743035618675874,0.06917312350580687,0.09670299075628813,0.041586087571488815,0.06515746375886476,4866556.075,38287177.216203734,0.12710668241534392,0.08857969503947452,-2.062728526123608,-2.1513082211630827,-0.39407488093672166,-2.6711428804453266,-2.3361109488078964,-3.1799896010279056,-2.730948419289053,6.940222469119639,1.0,1,0,0,18
Austria,Austro-Turkish War of 1716,1716,1718,2,Won,Ottoman Empire,Turkey,Colonial / Eastern,Offensive,Away,Vienna,Constantinople,1276,1941.0,2615.866666666667,905.32,8623.2,5.59999982,2.96111812,6811.433,2502314.3,946701.75,8558.1468,7754264.2,9972214.4,128945.09000000001,2171232.64,256929.69199999998,8417155.2,2.1439932841426237,0.3033521971735164,1.8911774515769737,0.7959004629366722,0.3227017077906631,0.09493395468914105,0.5018691650476894,5077397.2,7806755.4240000015,0.650385073469928,0.7626701108074853,-0.4301906707813696,-1.1928607815888546,0.6371996253460508,-0.22828114751869685,-1.1310268877452803,-2.354573842953287,-0.6894158206546708,7.151485463904735,1.0,1,0,1,18
Austria,War of the Quadruple Alliance,1718,1720,2,Won,Spain,Spain,European,Offensive,Away,Vienna,Madrid,1808,1941.0,2630.35,1149.1208533780512,9284.95,5.69999976,20.6960016,6905.691,2483588.4,955893.75,28913.4896,4623769.2,8412704.6,132483.99000000002,2190215.92,1909971.8399999999,7318301.9,1.6891173755084812,0.28329177863101035,0.27541550634592143,0.2388397628766332,0.5371350282795256,0.11362502256408719,0.06936436822021419,5105509.35,10669529.667572537,0.4785130656243418,0.5242061294954193,-0.7370717630818885,-1.2612778925773078,-1.2894743894581095,-1.4319624001164608,-0.6215057667712481,-2.1748515279006884,-2.6683819695394497,7.4999765409521215,1.0,1,0,0,18
Austria,War of the Polish Succession,1733,1735,2,Won,France,France,European,Offensive,Away,Vienna,Paris,1033,1941.0,2738.975,2006.0575800293796,24160.225,6.44999991,13.358088599999999,7526.672200000001,2308929.74,1023378.0079999999,113934.692,22218081.0,22403814.0,160827.516,2330789.12,3204894.29,20769079.2,0.9675694353556757,0.11336711475162173,0.48285350570290425,0.06606128535459596,0.10392120453607133,0.04567874059300796,0.050181847339495246,5316350.475,48466802.49646531,0.10969055520812873,-0.03296808884390224,-2.2100920119605387,-2.1771239231166364,-0.7280419721567056,-2.7171724018276784,-2.26412231569321,-3.0861222842200524,-2.992101924462915,6.940222469119639,1.0,1,0,0,18
Austria,Austro-Turkish War of 1737,1737,1739,2,Lost,Ottoman Empire,Turkey,Colonial / Eastern,Offensive,Away,Vienna,Constantinople,1276,1941.0,2767.9416666666666,916.24,8916.15,6.64999979,3.58399863,7674.093800000001,2254370.46,1041023.432,10675.6718,7875124.85,10201088.8,168806.204,2367854.88,320501.28,8619654.5,2.118440583253296,0.31044135267651024,1.8554694006677117,0.7188394270419591,0.2862647263300213,0.10205022742278255,0.5266943208463941,5372574.774999999,8169333.276,0.6576515602299685,0.7506802440795494,-0.4190800316380668,-1.1697602757176162,0.6181377102306682,-0.330117274377841,-1.2508382797425743,-2.2822901611860664,-0.6411349350715363,7.151485463904735,0.0,1,0,1,18
Austria,War of the Austrian Succession,1740,1748,8,Won,Prussia,Germany,European,Defensive,Home,Vienna,Berlin,523,1941.0,2789.6666666666665,1653.3423174396435,18301.666666666668,6.7999997,9.359398,7784.66,2213451.0,1054257.5,183585.6,14566252.0,10631292.0,174790.22,2395654.2,1583309.1,15333475.0,1.1739855561223531,0.15242691922411436,0.7265424229207904,0.042403434692045563,0.15195748364095307,0.09916551064536652,0.11039551279026943,5414743.0,30258919.979674544,0.1789470015333389,0.16040441819764228,-1.7206655978012975,-1.8810700159989397,-0.31945840411739346,-3.1605259131372385,-1.8841545101512736,-2.3109650000901585,-2.2036857909808485,6.259581464064923,1.0,0,1,0,18
Austria,Seven Years' War,1756,1763,7,Indecisive,Prussia,Germany,European,Offensive,Away,Vienna,Berlin,523,1941.0,2905.5333333333333,1732.9696474524571,19622.333333333336,7.42000058,10.1221894,8116.1194,2046289.02,1118228.1199999999,217188.712,13790785.0,11202525.6,203613.458,2539851.8,1873166.8399999999,16620792.8,1.1200426982973168,0.14807277421985152,0.7330430489672521,0.0373689743139137,0.14838089492367548,0.09981928717931249,0.10870011877852805,5639640.2,34004908.07886127,0.16584782958157188,0.11336680806006896,-1.796684600309787,-1.910051408369856,-0.3105508489874742,-3.286914482639212,-1.9079726969431139,-2.3043938560269557,-2.219162392136821,6.259581464064923,,1,0,0,18
Austria,Austro-Turkish War of 1788,1788,1791,3,Won,Ottoman Empire,Turkey,Colonial / Eastern,Offensive,Away,Vienna,Constantinople,1276,1941.0,3137.2666666666664,950.6857142857143,9627.6,8.8,5.698636339999999,8643.29348,1937662.78,1207786.48,18265.7298,8132639.5,10753206.0,266804.8,2763675.2,548367.276,9072461.4,2.0416841978722124,0.32586175855526467,1.5442290883225585,0.473197270223498,0.23825755217601863,0.11231873359442755,0.4865439855313321,6089434.6,9152821.782857144,0.6653068031331341,0.7137750544387358,-0.4075069866242681,-1.1212820410630038,0.4345248138622658,-0.748242915653002,-1.434403038414983,-2.186414613746586,-0.7204279692511691,7.151485463904735,1.0,1,0,1,18
Austria,War of the First Coalition,1792,1797,5,Lost,France,France,European,Offensive,Away,Vienna,Paris,1033,1941.0,3166.2333333333336,1618.2172336430308,28968.233333333334,9.2,24.725160600000002,8882.8821,1909424.78,1212757.94,173380.064,17160985.6,24489124.8,280573.6,2768826.4,6780483.7,20635743.6,1.1994681305119341,0.10930018744670887,0.3720906063599036,0.05123358415648065,0.11126544969538346,0.04952230632594922,0.04137958476325221,6145658.9,46876894.4081925,0.13110209150130786,0.18187823396752198,-2.0317789348591293,-2.2136571688266513,-0.9886178888826355,-2.9713600214153906,-2.1958364939114743,-3.005332078064522,-3.1849676414359145,6.940222469119639,0.0,1,0,0,18
Austria,War of the Second Coalition,1799,1801,2,Lost,France,France,European,Offensive,Away,Vienna,Paris,1033,1941.0,3216.925,1737.0356479074496,29538.675,9.9,26.073712699999998,9260.16495,1845924.91,1213729.33,180502.088,16766240.2,24702347.6,303154.2,2758845.8,7254664.4,20565175.2,1.1174209362589993,0.10890552809156133,0.379692762358312,0.05130225945087129,0.11009772542803008,0.04913416933700666,0.041787487785100025,6244051.425000001,51309731.466952585,0.12169331716385322,0.11102329445141748,-2.106251192872293,-2.217274487323711,-0.9683928734000795,-2.970020483898683,-2.2063868946128635,-3.0132005730396285,-3.1751583195458633,6.940222469119639,0.0,1,0,0,18
Austria,War of the Third Coalition,1805,1805,1,Lost,France,France,European,Offensive,Away,Vienna,Paris,1033,1941.0,3260.375,1891.73696437215,30027.625,10.5,27.229616999999998,9538.7905,1800896.7,1209531.65,191747.505,17012279.0,25370399.0,321138.0,2737562.0,7870859.75,20999527.0,1.0260411656354138,0.10857918333534537,0.38560953685099575,0.049746621214184765,0.10585863892780033,0.04767491634640827,0.040800879471902675,6328387.875,56804368.16480528,0.11140671183313906,0.025707868395364136,-2.1945677034552578,-2.2202755718506215,-0.952929984054194,-3.0008127329766516,-2.2456506699200416,-3.04334988216089,-3.1990516421204522,6.940222469119639,0.0,1,0,0,19
Austria,War of the Fifth Coalition,1809,1809,1,Lost,France,France,European,Offensive,Away,Vienna,Paris,1033,1941.0,3289.3416666666667,2010.8483615151426,30353.591666666667,10.9,28.0002202,9718.5729,1772131.26,1206062.49,199929.89299999998,17254223.8,25880471.8,332944.4,2721675.6,8309623.95,21355073.4,0.9652642323250507,0.10836746118183159,0.3892826528557086,0.048609903972689064,0.10270709830482203,0.046601255932281725,0.040067324586932726,6384612.175,61036470.06901635,0.10460323422669539,-0.03535339924299621,-2.2575808078800397,-2.2222274086370435,-0.9434495851948969,-3.0239279833908452,-2.275874047543954,-3.0661277868772,-3.2171941250450367,6.940222469119639,0.0,1,0,0,19
Austria,War of the Sixth Coalition,1813,1814,1,Won,France,France,European,Offensive,Away,Vienna,Paris,1033,1941.0,3318.3083333333334,1858.4980509565842,30679.558333333334,11.3,28.7708051,10048.00025,1767672.48,1220552.29,208125.043,17429722.8,26329824.6,349903.12,2744082.85,8748570.1,21634853.0,1.0443917328839551,0.10816023807383146,0.39275925580546234,0.04827866990518771,0.10141713097123954,0.04635626361141806,0.039995463944445045,6440836.475000001,57017899.36670883,0.11296165847106998,0.04343464215079836,-2.1807068234127067,-2.2241414655635054,-0.9345584354647392,-3.030765432734878,-2.2885132576050258,-3.071398858853065,-3.2189892326874983,6.940222469119639,1.0,1,0,0,19
Austria,War of the Seventh Coalition,1815,1815,1,Won,France,France,European,Offensive,Away,Vienna,Paris,1033,1941.0,3332.7916666666665,1786.348619458091,30842.541666666664,11.5,29.156094500000002,10237.65475,1769494.2,1230790.35,212224.745,17506398.0,26544381.0,359241.2,2761668.75,8968073.5,21762115.0,1.0865740196831368,0.10805826908450314,0.3944286845414086,0.048239684538200295,0.10107700053431894,0.046367265072031635,0.040057789446083375,6468948.625,55095531.72682864,0.11741330779915063,0.08302964511553657,-2.1420550236753706,-2.2250846687909074,-0.9303169293308574,-3.031573266008298,-2.2918726710781434,-3.071161562865274,-3.2174321313432976,6.940222469119639,1.0,1,0,0,19
Austria,First Italian War of Independence,1848,1849,1,Won,Kingdom of Sardinia,Italy,European,Defensive,Away,Vienna,Turin,748,2587.0,3902.0,2536.3510934623246,24148.0,17.3999998,16.4543026,17586.2776,1901098.94,1424217.92,312841.644,4779056.9,14363998.8,668159.7999999999,3165494.5999999996,3975517.48,20188646.4,1.0199692016882944,0.16158688090110981,1.0574741587650152,0.056214631067467484,0.39779792954547155,0.09915191026053273,0.16806863593516383,10094474.0,61247806.20492821,0.1648136419160065,0.019772432417078167,-1.802939886316182,-1.8227123187332603,0.055883195483714225,-2.8785782166861003,-0.921811117338325,-2.311102157832458,-1.7833828357784576,6.617402977974478,1.0,0,0,0,19
Austria,Second Italian War of Independence,1859,1859,1,Lost,France,France,European,Defensive,Away,Vienna,Paris,1033,2813.6,4206.0,2826.921982217866,37240.0,22.5,37.6315727,24467.3779,1960319.36,1463321.42,308203.80600000004,17850926.6,28954773.0,935315.066,3215612.2600000002,13886947.6,23011635.4,0.9952874602476951,0.11294307196562836,0.5979021971622249,0.07938700763481162,0.10981611229077598,0.05053817621018821,0.06735209874342725,11834001.6,105274574.61779334,0.1124108232492429,-0.004723678776938767,-2.1855950539052973,-2.1808713751283584,-0.5143280883031929,-2.5334205559215714,-2.208948018497642,-2.985026263739922,-2.6978212148677434,6.940222469119639,0.0,0,0,0,19
Austria,Second Schleswig War,1864,1864,1,Won,Denmark,Denmark,European,Offensive,Away,Vienna,Copenhagen,870,2888.4,4350.0,2922.0,1777.0,24.200000799999998,27.526136,27218.5932,1994546.96,1490954.24,48142.5596,689294.74,1322853.8,1049165.244,3275544.3200000003,489332.72,1283467.28,0.9885010266940452,2.4479459763646596,0.8791644711775018,0.5653748663583729,2.893605368292815,1.1270740878546064,2.1440733495197297,12564540.0,5192394.0,2.4197971109280227,-0.011565597733618229,0.8836836981944602,0.8952492959280784,-0.12878328710790338,-0.5702662875611237,1.0625032568837838,0.11962497189835115,0.7627074541530792,6.76849321164863,1.0,1,0,0,19
Austria,Austro-Prussian War,1866,1866,1,Lost,Prussia,Germany,European,Defensive,Home,Vienna,Berlin,523,2915.6,4409.0,2823.0,38193.0,24.8000012,14.7148004,28253.8708,2008753.6400000001,1503215.76,482850.58400000003,11478141.2,14788597.0,1092924.896,3303604.88,5587694.4,32370506.0,1.032801983705278,0.11544000209462467,1.6853780225248587,0.05851472844029945,0.175006876548966,0.10164694865915949,0.19559496596664266,12854880.4,107818839.0,0.11922666316226982,0.03227548125456847,-2.126728865117249,-2.1590043463718174,0.5219898843546713,-2.8384767882223763,-1.7429300112651143,-2.286249757467931,-1.6317092580794637,6.259581464064923,0.0,0,1,0,19
Austria,Occupation of Bosnia-Herzegovina,1878,1878,1,Won,Bosnian resistance,Bosnia and Herzegovina,Colonial / Eastern,Offensive,Away,Vienna,Sarajevo,508,3347.0,4857.0,1894.0,2662.0,28.4000004,2.75112718,36275.617999999995,2103438.84,1575159.36,1739.0808200000001,512598.44,579885.02,1387537.72,3491009.84,31029.1506,1093112.928,1.7671594508975712,1.8245679939894817,10.32304162688691,20.859075428133348,4.103482718363325,2.7163304891028224,44.717231802020386,16256379.0,5041828.0,3.2243025743837355,0.5693734274653031,1.1707166708559908,0.6013432433906879,2.3343784479161744,3.0377891258738234,1.411836056640556,0.999281884584932,3.8003589262605333,6.230481447578482,1.0,1,0,1,19
Austria,World War I,1914,1918,4,Lost,Russia,Russia,European,Offensive,Away,Vienna,Belgrade,492,4584.0,6806.0,1112.7096421455528,101936.816,45.1507384,19.8965664,66360.786,2320586.58,1794355.52,406330.06799999997,63710595.6,132234487.6,2951885.6,3602100.4,23384722.0,94690419.6,4.119673117203356,0.06676684898614059,2.269272873132522,0.1633174387675391,0.03642387201289953,0.013569497281433866,0.1262313744845887,31198704.0,113426078.05281708,0.2750575928885795,1.41577381972919,-1.290774774556948,-2.706548594286138,0.8194594599738985,-1.8120594949489846,-3.3125308947681638,-4.299930852141866,-2.069638750545058,6.198478716492308,0.0,1,0,0,20
Austria,World War II (Anschluss),1938,1945,7,Lost,Germany,Germany,European,Defensive,Home,Vienna,Berlin,523,5673.0,6753.0,7960.0,68558.0,59.308376,51.1053154,96666.2854,2017350.6199999999,1767881.9,1199872.3299999998,11687591.2,14661661.6,3959540.08,2716638.7,35284728.8,33600071.2,0.7126884422110553,0.09850053968902243,1.1605128651647065,0.08056380915126196,0.1726061927970239,0.12057855025108477,0.11221682055269191,38309769.0,545721680.0,0.07020019618791762,-0.33871092151186144,-2.6564041732545958,-2.317693251742734,0.1488620325517396,-2.5187057482827293,-1.7567426215035544,-2.1154538691223252,-2.1873223813303984,6.259581464064923,0.0,0,1,0,20
